id,tipo,peso
0,40ft,5
1,40ft,3
2,40ft,24
3,40ft,24
4,40ft,22
5,40ft,20
6,40ft,19
7,40ft,14
8,40ft,19
9,40ft,22
10,40ft,19
11,40ft,14
12,40ft,6
13,40ft,2
14,20ft,19
15,20ft,28
16,40ft,13
17,40ft,9
18,40ft,6
19,40ft,2
20,40ft,3
21,20ft,28
22,20ft,26
23,20ft,27
24,20ft,28
25,20ft,20
26,20ft,26
27,40ft,28
28,40ft,20
29,40ft,21
30,40ft,22
31,40ft,19
32,40ft,19
33,40ft,19
34,40ft,21
35,40ft,22
36,40ft,20
37,40ft,21
38,40ft,19
39,40ft,19
40,20ft,26
41,20ft,25
42,20ft,27
43,20ft,28
44,40ft,20
45,40ft,29
46,40ft,25
47,40ft,26
48,40ft,27
49,40ft,26
50,40ft,20
51,40ft,8
52,40ft,5
53,20ft,22
54,20ft,27
55,40ft,9
56,40ft,26
57,20ft,19
58,20ft,18
59,40ft,24
60,40ft,28
61,40ft,19
62,40ft,19
63,40ft,19
64,20ft,20
65,20ft,22
66,40ft,20
67,40ft,20
68,40ft,22
69,20ft,22
70,20ft,24
71,20ft,14
72,20ft,22
73,40ft,21
74,40ft,20
75,40ft,22
76,40ft,14
77,20ft,19
78,20ft,19
79,40ft,25
80,40ft,22
81,40ft,22
82,40ft,22
83,40ft,23
84,40ft,21
85,20ft,25
86,20ft,29
87,20ft,22
88,20ft,19
89,40ft,26
90,40ft,21
91,40ft,20
92,40ft,20
93,40ft,15
94,40ft,9
95,40ft,6
96,40ft,2
97,40ft,22
98,40ft,2
99,40ft,22
100,40ft,22
101,40ft,22
102,40ft,14
103,40ft,14
104,40ft,6
105,20ft,21
106,20ft,22
107,20ft,21
108,20ft,22
109,40ft,28
110,40ft,14
111,40ft,21
112,40ft,22
113,40ft,28
114,40ft,21
115,40ft,21
116,40ft,9
117,40ft,26
118,40ft,29
119,40ft,26
120,40ft,27
121,40ft,20
122,20ft,3
123,20ft,27
124,40ft,19
125,40ft,21
126,40ft,19
127,40ft,22
128,40ft,22
129,40ft,13
130,40ft,9
131,20ft,20
132,20ft,28
133,20ft,20
134,20ft,21
135,20ft,20
136,20ft,21
137,40ft,8
138,40ft,9
139,40ft,2
140,40ft,6
141,20ft,25
142,20ft,27
143,40ft,24
144,20ft,24
145,20ft,28
146,40ft,22
147,20ft,3
148,20ft,29
149,20ft,2
150,20ft,28
151,40ft,13
152,40ft,6
153,40ft,6
154,40ft,3
155,20ft,19
156,20ft,20
157,40ft,28
158,40ft,27
159,40ft,21
160,40ft,9
161,20ft,14
162,20ft,21
163,40ft,22
164,40ft,20
165,40ft,15
166,40ft,3
167,40ft,22
168,40ft,22
169,40ft,13
170,40ft,5
171,20ft,22
172,20ft,20
173,40ft,22
174,40ft,20
175,40ft,21
176,40ft,22
177,40ft,20
178,40ft,22
179,20ft,14
180,20ft,22
181,40ft,25
182,40ft,29
183,40ft,27
184,40ft,21
185,40ft,21
186,40ft,21
187,40ft,15
188,40ft,12
189,40ft,6
190,40ft,3
191,20ft,28
192,20ft,25
193,40ft,26
194,40ft,27
195,40ft,23
196,40ft,9
197,40ft,8
198,20ft,24
199,20ft,28
200,40ft,24
201,40ft,20
202,40ft,22
203,40ft,21
204,40ft,21
205,40ft,21
206,40ft,3
207,20ft,3
208,20ft,22
209,20ft,20
210,20ft,22
211,40ft,19
212,40ft,21
213,40ft,5
214,20ft,12
215,20ft,18
216,20ft,14
217,20ft,12
218,40ft,12
219,40ft,14
220,20ft,21
221,20ft,28
222,20ft,22
223,20ft,29
224,20ft,21
225,20ft,28
226,20ft,20
227,20ft,21
228,20ft,13
229,20ft,20
230,20ft,3
231,20ft,19
232,40ft,22
233,40ft,22
234,20ft,22
235,20ft,29
236,20ft,21
237,20ft,24
238,20ft,9
239,20ft,19
240,40ft,20
241,40ft,20
242,40ft,13
243,40ft,12
244,40ft,9
245,40ft,21
246,20ft,20
247,20ft,28
248,20ft,13
249,20ft,21
250,40ft,20
251,40ft,8
252,40ft,3
253,20ft,22
254,20ft,25
255,20ft,29
256,20ft,20
257,40ft,19
258,40ft,19
259,20ft,2
260,20ft,21
261,40ft,9
262,40ft,9
263,40ft,14
264,40ft,28
265,40ft,27
266,40ft,26
267,40ft,19
268,40ft,19
269,20ft,19
270,20ft,28
271,20ft,20
272,20ft,26
273,40ft,28
274,40ft,28
275,40ft,24
276,20ft,26
277,20ft,25
278,40ft,28
279,40ft,29
280,40ft,20
281,40ft,21
282,40ft,14
283,40ft,21
284,40ft,21
285,40ft,19
286,40ft,19
287,40ft,9
288,40ft,9
289,40ft,2
290,20ft,22
291,20ft,27
292,20ft,13
293,20ft,24
294,40ft,25
295,40ft,28
296,40ft,8
297,40ft,9
298,20ft,3
299,20ft,20
300,20ft,2
301,20ft,14
302,40ft,8
303,40ft,8
304,40ft,3
305,40ft,3
306,40ft,19
307,40ft,5
308,40ft,3
309,40ft,2
310,40ft,28
311,40ft,29
312,40ft,26
313,40ft,29
314,40ft,27
315,40ft,6
316,40ft,27
317,40ft,26
318,40ft,28
319,40ft,29
320,40ft,21
321,40ft,8
322,40ft,6
323,40ft,22
324,20ft,9
325,20ft,14
326,20ft,8
327,20ft,14
328,20ft,15
329,20ft,19
330,40ft,27
331,40ft,15
332,40ft,25
333,40ft,28
334,40ft,14
335,40ft,9
336,40ft,5
337,40ft,6
338,40ft,5
339,20ft,3
340,20ft,25
341,40ft,19
342,40ft,19
343,40ft,13
344,40ft,14
345,40ft,22
346,40ft,22
347,40ft,22
348,40ft,22
349,40ft,22
350,40ft,8
351,40ft,5
352,40ft,23
353,40ft,22
354,40ft,22
355,40ft,19
356,40ft,13
357,40ft,13
358,40ft,8
359,40ft,5
360,20ft,28
361,20ft,26
362,20ft,20
363,20ft,27
364,20ft,21
365,20ft,28
366,40ft,26
367,40ft,14
368,40ft,13
369,40ft,8
370,40ft,9
371,20ft,22
372,20ft,20
373,40ft,28
374,40ft,25
375,40ft,28
376,40ft,25
377,40ft,19
378,40ft,14
379,40ft,5
380,20ft,20
381,20ft,25
382,20ft,22
383,20ft,24
384,20ft,19
385,20ft,26
386,20ft,13
387,20ft,21
388,20ft,14
389,20ft,19
390,20ft,3
391,20ft,22
392,40ft,19
393,40ft,14
394,40ft,22
395,40ft,22
396,40ft,22
397,40ft,19
398,40ft,3
399,40ft,2
400,40ft,29
401,40ft,20
402,20ft,13
403,20ft,22
404,40ft,3
405,20ft,2
406,20ft,14
407,40ft,9
408,40ft,8
409,40ft,5
410,40ft,5
411,40ft,2
412,20ft,19
413,20ft,21
414,20ft,20
415,20ft,21
416,20ft,12
417,20ft,22
418,40ft,21
419,40ft,19
420,40ft,14
421,20ft,3
422,20ft,13
423,40ft,9
424,40ft,9
425,20ft,14
426,20ft,20
427,40ft,20
428,40ft,13
429,40ft,14
430,40ft,8
431,40ft,6
432,40ft,20
433,40ft,8
434,20ft,20
435,20ft,26
436,20ft,19
437,20ft,22
438,20ft,20
439,20ft,2
440,40ft,19
441,40ft,21
442,40ft,14
443,40ft,20
444,20ft,13
445,20ft,29
446,40ft,19
447,40ft,19
448,40ft,8
449,40ft,3
450,40ft,3
451,40ft,27
452,40ft,19
453,40ft,22
454,40ft,14
455,40ft,5
456,40ft,3
457,40ft,8
458,20ft,21
459,20ft,24
460,20ft,19
461,20ft,24
462,40ft,22
463,40ft,19
464,40ft,15
465,40ft,5
466,20ft,13
467,20ft,20
468,40ft,26
469,40ft,24
470,40ft,25
471,40ft,21
472,40ft,18
473,20ft,21
474,20ft,29
475,20ft,21
476,20ft,29
477,20ft,14
478,20ft,13
479,40ft,18
480,40ft,22
481,40ft,9
482,40ft,21
483,40ft,22
484,40ft,22
485,40ft,8
486,40ft,9
487,40ft,3
488,20ft,13
489,20ft,20
490,40ft,21
491,40ft,20
492,40ft,20
493,20ft,19
494,20ft,24
495,20ft,19
496,20ft,22
497,40ft,19
498,40ft,20
499,40ft,21
500,40ft,9
501,40ft,6
502,20ft,15
503,20ft,20
504,40ft,21
505,40ft,19
506,40ft,21
507,40ft,19
508,40ft,19
509,40ft,9
510,20ft,22
511,20ft,26
512,40ft,27
513,40ft,26
514,40ft,24
515,40ft,26
516,40ft,28
517,40ft,22
518,40ft,8
519,20ft,19
520,20ft,8
521,40ft,26
522,40ft,25
523,40ft,19
524,40ft,13
525,40ft,8
526,40ft,9
527,40ft,9
528,20ft,19
529,20ft,28
530,20ft,22
531,20ft,27
532,20ft,12
533,20ft,22
534,40ft,25
535,40ft,26
536,40ft,25
537,40ft,29
538,40ft,27
539,20ft,12
540,20ft,26
541,20ft,14
542,20ft,20
543,40ft,5
544,40ft,5
545,40ft,5
546,40ft,2
547,40ft,2
548,40ft,2
549,20ft,21
550,20ft,22
551,40ft,29
552,40ft,29
553,40ft,21
554,40ft,21
555,40ft,13
556,40ft,9
557,40ft,9
558,40ft,9
559,20ft,19
560,20ft,28
561,20ft,8
562,20ft,20
563,40ft,27
564,40ft,18
565,40ft,20
566,40ft,8
567,40ft,3
568,20ft,25
569,20ft,26
570,40ft,24
571,40ft,22
572,40ft,22
573,40ft,14
574,20ft,26
575,20ft,24
576,20ft,29
577,20ft,27
578,20ft,19
579,20ft,21
580,20ft,21
581,20ft,22
582,20ft,25
583,20ft,24
584,20ft,26
585,20ft,26
586,40ft,28
587,40ft,21
588,40ft,14
589,20ft,28
590,20ft,25
591,20ft,20
592,20ft,27
593,40ft,22
594,40ft,23
595,40ft,20
596,40ft,18
597,40ft,14
598,40ft,5
599,20ft,24
600,20ft,25
601,40ft,26
602,40ft,22
603,40ft,22
604,40ft,19
605,40ft,19
606,40ft,20
607,40ft,28
608,40ft,28
609,40ft,20
610,40ft,22
611,40ft,20
612,40ft,20
613,40ft,18
614,20ft,24
615,20ft,28
616,40ft,28
617,40ft,27
618,40ft,29
619,40ft,29
620,40ft,13
621,20ft,2
622,20ft,27
623,40ft,26
624,40ft,27
625,40ft,27
626,40ft,26
627,40ft,19
628,40ft,8
629,40ft,21
630,40ft,21
631,40ft,20
632,40ft,21
633,40ft,22
634,40ft,6
635,40ft,3
636,40ft,20
637,40ft,18
638,40ft,8
639,40ft,5
640,40ft,5
641,40ft,5
642,40ft,6
643,40ft,28
644,40ft,29
645,40ft,25
646,40ft,28
647,40ft,14
648,40ft,12
649,40ft,13
650,40ft,6
651,40ft,5
652,40ft,6
653,40ft,5
654,40ft,6
655,40ft,6
656,40ft,5
657,40ft,3
658,20ft,18
659,20ft,26
660,20ft,21
661,20ft,28
662,20ft,19
663,20ft,21
664,20ft,20
665,20ft,20
666,20ft,19
667,20ft,19
668,40ft,26
669,40ft,23
670,40ft,20
671,40ft,20
672,40ft,20
673,40ft,14
674,40ft,14
675,20ft,3
676,20ft,27
677,40ft,6
678,40ft,5
679,40ft,3
680,40ft,29
681,40ft,26
682,40ft,28
683,40ft,25
684,40ft,21
685,40ft,20
686,40ft,20
687,40ft,22
688,20ft,22
689,20ft,24
690,20ft,19
691,20ft,29
692,20ft,21
693,20ft,27
694,20ft,19
695,20ft,26
696,20ft,21
697,20ft,22
698,20ft,19
699,20ft,20
700,20ft,19
701,20ft,22
702,20ft,21
703,20ft,22
704,20ft,19
705,20ft,21
706,40ft,29
707,40ft,22
708,40ft,19
709,40ft,21
710,40ft,20
711,40ft,20
712,40ft,20
713,40ft,22
714,40ft,22
715,40ft,15
716,40ft,14
717,40ft,6
718,40ft,20
719,40ft,13
720,40ft,9
721,40ft,6
722,40ft,27
723,40ft,28
724,40ft,22
725,40ft,22
726,40ft,22
727,40ft,9
728,40ft,6
729,20ft,3
730,20ft,19
731,40ft,20
732,40ft,9
733,40ft,6
734,20ft,20
735,20ft,27
736,20ft,21
737,20ft,25
738,20ft,14
739,20ft,29
740,40ft,9
741,40ft,6
742,20ft,19
743,20ft,22
744,20ft,13
745,20ft,19
746,40ft,22
747,40ft,20
748,20ft,29
749,20ft,29
750,20ft,24
751,20ft,26
752,40ft,19
753,40ft,20
754,40ft,22
755,40ft,21
756,40ft,6
757,20ft,2
758,20ft,22
759,20ft,3
760,20ft,14
761,40ft,9
762,40ft,5
763,20ft,22
764,20ft,27
765,20ft,13
766,20ft,26
767,40ft,12
768,40ft,14
769,40ft,9
770,40ft,5
771,40ft,2
772,40ft,28
773,40ft,28
774,40ft,24
775,40ft,21
776,40ft,21
777,40ft,21
778,20ft,21
779,20ft,21
780,40ft,28
781,40ft,21
782,40ft,19
783,40ft,21
784,40ft,21
785,40ft,6
786,20ft,24
787,20ft,25
788,40ft,27
789,40ft,28
790,40ft,14
791,40ft,9
792,40ft,9
793,40ft,6
794,20ft,28
795,20ft,25
796,40ft,28
797,40ft,26
798,40ft,25
799,40ft,28
800,40ft,19
801,40ft,2
802,20ft,19
803,20ft,22
804,40ft,8
805,40ft,9
806,40ft,8
807,40ft,9
808,40ft,8
809,40ft,5
810,20ft,23
811,20ft,26
812,20ft,9
813,20ft,21
814,40ft,9
815,40ft,6
816,40ft,5
817,40ft,3
818,40ft,3
819,20ft,19
820,20ft,28
821,20ft,21
822,20ft,22
823,20ft,9
824,20ft,21
825,40ft,13
826,40ft,15
827,40ft,13
828,40ft,5
829,20ft,29
830,20ft,28
831,20ft,20
832,20ft,29
833,20ft,13
834,20ft,22
835,40ft,20
836,40ft,21
837,40ft,13
838,40ft,2
839,20ft,19
840,20ft,23
841,40ft,26
842,40ft,27
843,40ft,14
844,40ft,2
845,40ft,19
846,40ft,22
847,40ft,23
848,40ft,15
849,20ft,20
850,20ft,19
851,20ft,14
852,20ft,22
853,40ft,15
854,40ft,13
855,40ft,13
856,20ft,21
857,20ft,24
858,20ft,21
859,20ft,25
860,20ft,22
861,20ft,22
862,20ft,21
863,20ft,23
864,40ft,15
865,40ft,14
866,40ft,14
867,40ft,5
868,40ft,3
869,20ft,19
870,20ft,20
871,20ft,19
872,20ft,19
873,20ft,21
874,20ft,19
875,20ft,21
876,20ft,21
877,40ft,13
878,20ft,13
879,20ft,25
880,40ft,3
881,40ft,3
882,40ft,2
883,40ft,3
884,20ft,21
885,20ft,26
886,40ft,6
887,40ft,6
888,40ft,6
889,40ft,3
890,20ft,23
891,20ft,27
892,40ft,21
893,40ft,20
894,40ft,21
895,40ft,3
896,20ft,19
897,20ft,27
898,20ft,22
899,20ft,19
900,20ft,20
901,20ft,20
902,40ft,21
903,40ft,14
904,20ft,22
905,20ft,27
906,20ft,21
907,20ft,28
908,20ft,15
909,20ft,25
910,20ft,14
911,20ft,20
912,40ft,19
913,20ft,14
914,20ft,25
915,20ft,9
916,20ft,27
917,20ft,2
918,20ft,19
919,40ft,6
920,40ft,5
921,40ft,2
922,40ft,2
923,40ft,3
924,40ft,2
925,40ft,3
926,20ft,14
927,20ft,13
928,40ft,21
929,40ft,15
930,40ft,5
931,20ft,22
932,20ft,23
933,40ft,26
934,40ft,25
935,40ft,20
936,40ft,20
937,40ft,8
938,40ft,5
939,40ft,5
940,40ft,21
941,40ft,12
942,40ft,14
943,40ft,14
944,40ft,13
945,40ft,8
946,40ft,5
947,20ft,3
948,20ft,20
949,40ft,22
950,40ft,22
951,40ft,22
952,40ft,22
953,40ft,19
954,40ft,19
955,40ft,22
956,20ft,20
957,20ft,26
958,20ft,20
959,20ft,20
960,20ft,13
961,20ft,13
962,40ft,25
963,40ft,25
964,40ft,26
965,40ft,19
966,40ft,9
967,40ft,24
968,40ft,25
969,20ft,20
970,20ft,29
971,20ft,21
972,20ft,29
973,40ft,28
974,40ft,25
975,40ft,29
976,40ft,19
977,40ft,8
978,40ft,2
979,40ft,22
980,20ft,22
981,20ft,18
982,20ft,21
983,20ft,19
984,40ft,27
985,40ft,27
986,40ft,26
987,40ft,20
988,40ft,14
989,40ft,5
990,20ft,20
991,20ft,19
992,40ft,22
993,40ft,21
994,40ft,22
995,40ft,19
996,40ft,22
997,40ft,19
998,40ft,9
999,20ft,14
1000,20ft,22
1001,40ft,27
1002,20ft,19
1003,20ft,22
1004,40ft,20
1005,40ft,14
1006,40ft,24
1007,40ft,19
1008,40ft,5
1009,40ft,5
1010,40ft,19
1011,40ft,13
1012,40ft,5
1013,20ft,20
1014,20ft,20
1015,20ft,3
1016,20ft,22
1017,40ft,3
1018,40ft,26
1019,40ft,25
1020,40ft,26
1021,40ft,24
1022,40ft,26
1023,40ft,27
1024,40ft,13
1025,40ft,22
1026,40ft,6
1027,20ft,26
1028,20ft,25
1029,20ft,20
1030,20ft,26
1031,20ft,13
1032,20ft,25
1033,40ft,6
1034,40ft,5
1035,40ft,5
1036,40ft,5
1037,40ft,3
1038,40ft,29
1039,40ft,24
1040,40ft,28
1041,40ft,9
1042,40ft,8
1043,20ft,9
1044,20ft,14
1045,40ft,9
1046,40ft,9
1047,40ft,8
1048,40ft,8
1049,40ft,6
1050,40ft,5
1051,40ft,3
1052,20ft,26
1053,20ft,28
1054,40ft,28
1055,40ft,24
1056,40ft,25
1057,40ft,27
1058,40ft,29
1059,40ft,19
1060,40ft,21
1061,20ft,2
1062,20ft,22
1063,40ft,22
1064,40ft,19
1065,40ft,13
1066,40ft,2
1067,40ft,19
1068,40ft,9
1069,40ft,2
1070,40ft,26
1071,40ft,26
1072,40ft,25
1073,40ft,28
1074,40ft,29
1075,40ft,25
1076,40ft,28
1077,40ft,28
1078,40ft,25
1079,20ft,22
1080,20ft,24
1081,20ft,20
1082,20ft,26
1083,20ft,22
1084,20ft,19
1085,40ft,26
1086,40ft,22
1087,40ft,20
1088,40ft,20
1089,40ft,20
1090,20ft,20
1091,20ft,21
1092,40ft,24
1093,40ft,28
1094,40ft,19
1095,40ft,22
1096,40ft,22
1097,40ft,21
1098,40ft,21
1099,40ft,19
1100,40ft,8
1101,40ft,21
1102,40ft,22
1103,40ft,14
1104,40ft,15
1105,40ft,14
1106,20ft,19
1107,20ft,27
1108,20ft,22
1109,20ft,23
1110,40ft,6
1111,40ft,6
1112,40ft,5
1113,40ft,6
1114,40ft,6
1115,40ft,3
1116,20ft,8
1117,20ft,19
1118,40ft,21
1119,40ft,20
1120,40ft,12
1121,40ft,13
1122,40ft,12
1123,40ft,8
1124,40ft,9
1125,40ft,9
1126,40ft,9
1127,40ft,9
1128,40ft,2
1129,40ft,21
1130,40ft,20
1131,40ft,19
1132,40ft,5
1133,40ft,6
1134,40ft,19
1135,40ft,20
1136,40ft,19
1137,40ft,19
1138,40ft,22
1139,40ft,6
1140,40ft,2
1141,40ft,2
1142,20ft,19
1143,20ft,25
1144,40ft,25
1145,40ft,25
1146,40ft,13
1147,20ft,14
1148,20ft,22
1149,40ft,21
1150,40ft,5
1151,20ft,15
1152,20ft,28
1153,40ft,20
1154,40ft,28
1155,40ft,26
1156,40ft,25
1157,40ft,24
1158,40ft,29
1159,40ft,21
1160,40ft,19
1161,40ft,25
1162,40ft,22
1163,40ft,20
1164,40ft,13
1165,40ft,9
1166,40ft,19
1167,40ft,22
1168,40ft,20
1169,40ft,13
1170,40ft,6
1171,40ft,3
1172,20ft,21
1173,20ft,22
1174,40ft,27
1175,40ft,22
1176,40ft,20
1177,40ft,20
1178,40ft,3
1179,40ft,27
1180,40ft,26
1181,40ft,26
1182,40ft,28
1183,40ft,20
1184,40ft,22
1185,40ft,22
1186,40ft,3
1187,20ft,2
1188,20ft,22
1189,40ft,22
1190,40ft,19
1191,40ft,8
1192,40ft,9
1193,40ft,19
1194,40ft,21
1195,40ft,20
1196,40ft,19
1197,40ft,20
1198,40ft,22
1199,40ft,9
1200,20ft,2
1201,20ft,22
1202,40ft,21
1203,40ft,23
1204,40ft,21
1205,40ft,18
1206,40ft,14
1207,40ft,5
1208,20ft,19
1209,20ft,13
1210,40ft,25
1211,40ft,27
1212,40ft,19
1213,40ft,20
1214,40ft,21
1215,40ft,13
1216,40ft,8
1217,20ft,3
1218,20ft,22
1219,20ft,3
1220,20ft,22
1221,20ft,3
1222,20ft,15
1223,40ft,15
1224,40ft,14
1225,40ft,14
1226,40ft,13
1227,40ft,14
1228,20ft,22
1229,20ft,28
1230,20ft,19
1231,20ft,19
1232,40ft,20
1233,40ft,20
1234,40ft,22
1235,40ft,19
1236,40ft,14
1237,40ft,3
1238,20ft,15
1239,20ft,20
1240,40ft,14
1241,40ft,9
1242,40ft,5
1243,40ft,6
1244,20ft,21
1245,20ft,19
1246,20ft,9
1247,20ft,21
1248,40ft,21
1249,40ft,22
1250,40ft,13
1251,40ft,14
1252,40ft,13
1253,40ft,9
1254,20ft,20
1255,20ft,27
1256,20ft,22
1257,20ft,29
1258,20ft,13
1259,20ft,26
1260,40ft,19
1261,40ft,21
1262,40ft,22
1263,40ft,15
1264,40ft,3
1265,20ft,22
1266,20ft,24
1267,40ft,22
1268,40ft,21
1269,40ft,13
1270,40ft,15
1271,40ft,14
1272,40ft,9
1273,40ft,2
1274,20ft,2
1275,20ft,20
1276,40ft,22
1277,40ft,12
1278,40ft,13
1279,40ft,14
1280,40ft,15
1281,40ft,14
1282,40ft,8
1283,20ft,22
1284,20ft,9
1285,20ft,12
1286,20ft,3
1287,40ft,15
1288,40ft,9
1289,40ft,6
1290,40ft,6
1291,40ft,5
1292,40ft,5
1293,20ft,21
1294,20ft,27
1295,40ft,27
1296,40ft,24
1297,40ft,28
1298,40ft,29
1299,40ft,27
1300,40ft,25
1301,40ft,24
1302,20ft,20
1303,20ft,24
1304,20ft,9
1305,20ft,24
1306,40ft,14
1307,40ft,14
1308,40ft,8
1309,40ft,9
1310,40ft,8
1311,40ft,8
1312,20ft,8
1313,20ft,19
1314,40ft,14
1315,40ft,13
1316,40ft,3
1317,20ft,19
1318,20ft,27
1319,20ft,22
1320,20ft,19
1321,20ft,2
1322,20ft,22
1323,40ft,15
1324,40ft,8
1325,40ft,9
1326,40ft,6
1327,40ft,6
1328,20ft,21
1329,20ft,27
1330,20ft,21
1331,20ft,25
1332,40ft,20
1333,40ft,27
1334,40ft,26
1335,40ft,19
1336,40ft,22
1337,40ft,22
1338,40ft,19
1339,40ft,13
1340,40ft,14
1341,20ft,8
1342,20ft,21
1343,40ft,25
1344,40ft,22
1345,40ft,20
1346,40ft,13
1347,40ft,13
1348,40ft,8
1349,40ft,6
1350,20ft,22
1351,20ft,26
1352,20ft,22
1353,20ft,24
1354,20ft,22
1355,20ft,20
1356,20ft,15
1357,20ft,21
1358,40ft,21
1359,40ft,8
1360,40ft,9
1361,40ft,9
1362,20ft,21
1363,20ft,25
1364,20ft,23
1365,20ft,27
1366,20ft,22
1367,20ft,23
1368,40ft,22
1369,40ft,20
1370,40ft,20
1371,40ft,20
1372,40ft,3
1373,20ft,19
1374,20ft,21
1375,20ft,9
1376,20ft,20
1377,40ft,19
1378,40ft,21
1379,40ft,22
1380,40ft,19
1381,40ft,20
1382,40ft,3
1383,20ft,23
1384,20ft,19
1385,20ft,19
1386,20ft,21
1387,20ft,20
1388,20ft,21
1389,20ft,14
1390,20ft,22
1391,40ft,20
1392,40ft,21
1393,40ft,18
1394,40ft,8
1395,20ft,19
1396,20ft,25
1397,20ft,20
1398,20ft,28
1399,20ft,20
1400,20ft,26
1401,20ft,21
1402,20ft,19
1403,20ft,22
1404,20ft,2
1405,40ft,21
1406,40ft,2
1407,20ft,21
1408,20ft,26
1409,40ft,28
1410,40ft,20
1411,40ft,22
1412,40ft,19
1413,40ft,13
1414,40ft,6
1415,40ft,3
1416,20ft,22
1417,20ft,20
1418,20ft,21
1419,20ft,21
1420,20ft,22
1421,20ft,18
1422,20ft,14
1423,20ft,21
1424,20ft,8
1425,20ft,22
1426,40ft,8
1427,40ft,8
1428,40ft,8
1429,20ft,22
1430,20ft,24
1431,40ft,26
1432,40ft,28
1433,40ft,26
1434,40ft,21
1435,40ft,19
1436,40ft,12
1437,40ft,3
1438,20ft,14
1439,20ft,21
1440,40ft,28
1441,40ft,25
1442,40ft,19
1443,40ft,8
1444,40ft,8
1445,40ft,2
1446,40ft,2
1447,20ft,18
1448,20ft,19
1449,20ft,21
1450,20ft,22
1451,40ft,26
1452,40ft,28
1453,40ft,20
1454,40ft,15
1455,40ft,5
1456,40ft,2
1457,20ft,22
1458,20ft,19
1459,20ft,23
1460,20ft,21
1461,40ft,24
1462,40ft,27
1463,40ft,20
1464,40ft,20
1465,40ft,5
1466,40ft,5
1467,20ft,22
1468,20ft,27
1469,20ft,21
1470,20ft,25
1471,40ft,26
1472,40ft,25
1473,40ft,27
1474,40ft,25
1475,40ft,12
1476,40ft,24
1477,40ft,26
1478,40ft,27
1479,40ft,24
1480,40ft,25
1481,40ft,26
1482,40ft,22
1483,40ft,21
1484,20ft,9
1485,20ft,19
1486,40ft,21
1487,40ft,20
1488,40ft,21
1489,40ft,21
1490,40ft,19
1491,40ft,13
1492,40ft,14
1493,40ft,3
1494,20ft,27
1495,20ft,26
1496,40ft,25
1497,40ft,24
1498,40ft,27
1499,40ft,19
1500,40ft,20
1501,40ft,22
1502,40ft,14
1503,40ft,15
1504,20ft,20
1505,20ft,24
1506,20ft,20
1507,20ft,24
1508,40ft,28
1509,40ft,24
1510,40ft,19
1511,40ft,19
1512,40ft,8
1513,40ft,9
1514,20ft,8
1515,20ft,26
1516,20ft,2
1517,20ft,22
1518,20ft,2
1519,20ft,13
1520,40ft,5
1521,40ft,6
1522,40ft,6
1523,40ft,2
1524,40ft,3
1525,40ft,3
1526,20ft,28
1527,20ft,27
1528,20ft,26
1529,20ft,24
1530,20ft,22
1531,20ft,26
1532,20ft,22
1533,20ft,24
1534,40ft,25
1535,40ft,28
1536,40ft,28
1537,40ft,27
1538,40ft,21
1539,40ft,28
1540,40ft,28
1541,40ft,25
1542,40ft,27
1543,40ft,26
1544,40ft,29
1545,40ft,22
1546,40ft,14
1547,20ft,21
1548,20ft,26
1549,20ft,19
1550,20ft,26
1551,20ft,22
1552,20ft,25
1553,20ft,19
1554,20ft,26
1555,20ft,20
1556,20ft,26
1557,20ft,20
1558,20ft,21
1559,40ft,20
1560,40ft,13
1561,40ft,5
1562,20ft,22
1563,20ft,28
1564,20ft,3
1565,20ft,19
1566,40ft,21
1567,40ft,22
1568,40ft,8
1569,40ft,5
1570,40ft,5
1571,40ft,2
1572,20ft,21
1573,20ft,29
1574,20ft,22
1575,20ft,21
1576,40ft,29
1577,40ft,19
1578,40ft,19
1579,40ft,19
1580,40ft,22
1581,40ft,20
1582,20ft,2
1583,20ft,27
1584,40ft,19
1585,40ft,13
1586,40ft,9
1587,40ft,8
1588,40ft,9
1589,40ft,9
1590,40ft,8
1591,20ft,2
1592,20ft,29
1593,40ft,29
1594,40ft,19
1595,40ft,21
1596,40ft,19
1597,40ft,19
1598,40ft,20
1599,40ft,8
1600,40ft,6
1601,20ft,20
1602,20ft,19
1603,20ft,3
1604,20ft,21
1605,40ft,21
1606,40ft,19
1607,40ft,13
1608,40ft,15
1609,40ft,6
1610,40ft,6
1611,40ft,19
1612,40ft,22
1613,40ft,22
1614,40ft,20
1615,40ft,19
1616,40ft,22
1617,40ft,21
1618,40ft,5
1619,20ft,14
1620,20ft,23
1621,20ft,14
1622,20ft,21
1623,20ft,14
1624,20ft,22
1625,40ft,9
1626,40ft,9
1627,40ft,5
1628,40ft,5
1629,20ft,20
1630,20ft,20
1631,20ft,21
1632,20ft,20
1633,20ft,22
1634,20ft,19
1635,40ft,29
1636,40ft,25
1637,40ft,22
1638,40ft,14
1639,40ft,14
1640,20ft,8
1641,20ft,21
1642,40ft,21
1643,40ft,19
1644,40ft,22
1645,40ft,19
1646,40ft,21
1647,40ft,3
1648,40ft,3
1649,20ft,19
1650,20ft,24
1651,20ft,22
1652,20ft,21
1653,20ft,19
1654,20ft,19
1655,20ft,19
1656,20ft,13
1657,20ft,15
1658,20ft,13
1659,40ft,21
1660,40ft,21
1661,20ft,20
1662,20ft,24
1663,20ft,3
1664,20ft,22
1665,40ft,13
1666,40ft,13
1667,40ft,14
1668,40ft,14
1669,40ft,9
1670,40ft,8
1671,20ft,22
1672,20ft,26
1673,20ft,19
1674,20ft,21
1675,20ft,22
1676,20ft,19
1677,20ft,13
1678,20ft,19
1679,40ft,22
1680,40ft,14
1681,40ft,15
1682,40ft,8
1683,20ft,12
1684,20ft,21
1685,40ft,24
1686,40ft,27
1687,40ft,22
1688,40ft,22
1689,40ft,15
1690,40ft,9
1691,40ft,8
1692,40ft,22
1693,40ft,20
1694,40ft,22
1695,40ft,19
1696,40ft,19
1697,40ft,19
1698,40ft,21
1699,40ft,22
1700,20ft,21
1701,20ft,25
1702,20ft,22
1703,20ft,19
1704,20ft,21
1705,20ft,23
1706,20ft,14
1707,20ft,20
1708,20ft,3
1709,20ft,22
1710,40ft,5
1711,40ft,5
1712,40ft,3
1713,20ft,25
1714,20ft,26
1715,20ft,20
1716,20ft,29
1717,20ft,18
1718,20ft,22
1719,40ft,29
1720,40ft,26
1721,40ft,22
1722,40ft,8
1723,40ft,8
1724,20ft,20
1725,20ft,20
1726,20ft,14
1727,20ft,19
1728,20ft,14
1729,20ft,23
1730,20ft,2
1731,20ft,14
1732,40ft,6
1733,40ft,6
1734,40ft,5
1735,40ft,5
1736,20ft,21
1737,20ft,21
1738,40ft,5
1739,40ft,6
1740,40ft,5
1741,40ft,2
1742,40ft,2
1743,40ft,2
1744,40ft,2
1745,20ft,20
1746,20ft,27
1747,20ft,13
1748,20ft,22
1749,20ft,9
1750,20ft,22
1751,20ft,2
1752,20ft,19
1753,40ft,14
1754,40ft,14
1755,40ft,5
1756,40ft,6
1757,40ft,19
1758,40ft,22
1759,40ft,23
1760,40ft,21
1761,40ft,20
1762,40ft,9
1763,40ft,6
1764,40ft,28
1765,40ft,20
1766,40ft,19
1767,40ft,8
1768,20ft,19
1769,20ft,22
1770,40ft,24
1771,40ft,29
1772,40ft,20
1773,40ft,20
1774,40ft,6
1775,20ft,23
1776,20ft,28
1777,20ft,20
1778,20ft,26
1779,20ft,20
1780,20ft,20
1781,20ft,20
1782,20ft,14
1783,40ft,21
1784,40ft,20
1785,40ft,9
1786,40ft,3
1787,20ft,21
1788,20ft,24
1789,20ft,20
1790,20ft,20
1791,20ft,13
1792,20ft,21
1793,40ft,28
1794,40ft,23
1795,40ft,21
1796,40ft,20
1797,40ft,9
1798,20ft,13
1799,20ft,26
1800,20ft,9
1801,20ft,25
1802,20ft,3
1803,20ft,24
1804,20ft,3
1805,20ft,20
1806,40ft,2
1807,20ft,23
1808,20ft,25
1809,20ft,22
1810,20ft,27
1811,20ft,22
1812,20ft,22
1813,20ft,14
1814,20ft,20
1815,20ft,2
1816,20ft,20
1817,20ft,19
1818,20ft,27
1819,20ft,12
1820,20ft,25
1821,20ft,9
1822,20ft,19
1823,40ft,6
1824,40ft,3
1825,20ft,19
1826,20ft,25
1827,20ft,21
1828,20ft,27
1829,20ft,22
1830,20ft,29
1831,20ft,21
1832,20ft,21
1833,40ft,26
1834,20ft,22
1835,20ft,27
1836,20ft,20
1837,20ft,22
1838,20ft,19
1839,20ft,19
1840,40ft,5
1841,40ft,2
1842,20ft,28
1843,20ft,25
1844,20ft,26
1845,20ft,29
1846,20ft,24
1847,20ft,24
1848,20ft,26
1849,20ft,25
1850,40ft,21
1851,20ft,20
1852,20ft,29
1853,20ft,22
1854,20ft,19
1855,20ft,9
1856,20ft,22
1857,40ft,27
1858,40ft,6
1859,20ft,28
1860,20ft,28
1861,20ft,24
1862,20ft,24
1863,20ft,22
1864,20ft,24
1865,20ft,19
1866,20ft,21
1867,20ft,18
1868,20ft,13
1869,20ft,20
1870,20ft,19
1871,20ft,19
1872,20ft,20
1873,20ft,13
1874,20ft,20
1875,20ft,9
1876,20ft,21
1877,20ft,2
1878,20ft,19
1879,20ft,3
1880,20ft,21
1881,40ft,3
1882,40ft,2
1883,40ft,3
1884,40ft,3
1885,20ft,14
1886,20ft,22
1887,40ft,13
1888,40ft,15
1889,40ft,14
1890,40ft,14
1891,20ft,20
1892,20ft,26
1893,40ft,19
1894,40ft,6
1895,40ft,2
1896,40ft,2
1897,20ft,22
1898,20ft,24
1899,20ft,20
1900,20ft,26
1901,20ft,8
1902,20ft,21
1903,20ft,3
1904,20ft,22
1905,40ft,9
1906,40ft,27
1907,40ft,19
1908,40ft,20
1909,40ft,21
1910,40ft,18
1911,20ft,29
1912,20ft,24
1913,20ft,26
1914,20ft,29
1915,20ft,19
1916,20ft,25
1917,20ft,13
1918,20ft,27
1919,40ft,6
1920,20ft,20
1921,20ft,28
1922,40ft,25
1923,40ft,28
1924,40ft,25
1925,40ft,25
1926,40ft,24
1927,20ft,19
1928,20ft,29
1929,40ft,25
1930,40ft,26
1931,40ft,20
1932,40ft,22
1933,40ft,20
1934,40ft,20
1935,40ft,5
1936,40ft,28
1937,40ft,26
1938,40ft,14
1939,40ft,14
1940,40ft,8
1941,40ft,9
1942,40ft,9
1943,20ft,21
1944,20ft,28
1945,40ft,22
1946,40ft,14
1947,40ft,5
1948,20ft,22
1949,20ft,22
1950,20ft,9
1951,20ft,20
1952,40ft,29
1953,40ft,20
1954,40ft,20
1955,40ft,21
1956,40ft,14
1957,40ft,8
1958,20ft,20
1959,20ft,21
1960,40ft,28
1961,40ft,19
1962,40ft,22
1963,40ft,20
1964,40ft,20
1965,40ft,13
1966,40ft,15
1967,20ft,20
1968,20ft,24
1969,20ft,22
1970,20ft,26
1971,20ft,20
1972,20ft,22
1973,20ft,19
1974,20ft,19
1975,20ft,14
1976,20ft,15
1977,40ft,5
1978,40ft,5
1979,40ft,5
1980,20ft,20
1981,20ft,26
1982,20ft,20
1983,20ft,20
1984,40ft,22
1985,40ft,20
1986,40ft,19
1987,40ft,14
1988,40ft,3
1989,40ft,3
1990,20ft,21
1991,20ft,29
1992,20ft,20
1993,20ft,21
1994,40ft,26
1995,40ft,27
1996,40ft,28
1997,40ft,24
1998,40ft,13
1999,40ft,15
2000,20ft,29
2001,20ft,29
2002,20ft,13
2003,20ft,29
2004,40ft,29
2005,40ft,25
2006,40ft,28
2007,40ft,25
2008,40ft,22
2009,40ft,3
2010,20ft,19
2011,20ft,22
2012,20ft,15
2013,20ft,22
2014,40ft,14
2015,40ft,5
2016,20ft,12
2017,20ft,20
2018,40ft,27
2019,40ft,27
2020,40ft,15
2021,40ft,14
2022,40ft,5
2023,20ft,26
2024,20ft,26
2025,20ft,13
2026,20ft,25
2027,40ft,27
2028,40ft,24
2029,40ft,19
2030,40ft,21
2031,40ft,8
2032,40ft,5
2033,40ft,25
2034,40ft,29
2035,40ft,29
2036,40ft,25
2037,20ft,20
2038,20ft,27
2039,40ft,26
2040,40ft,8
2041,40ft,6
2042,40ft,3
2043,20ft,22
2044,20ft,22
2045,40ft,26
2046,40ft,29
2047,40ft,26
2048,40ft,29
2049,40ft,21
2050,40ft,20
2051,40ft,3
2052,40ft,25
2053,40ft,26
2054,40ft,26
2055,40ft,25
2056,40ft,25
2057,40ft,21
2058,40ft,5
2059,20ft,21
2060,20ft,25
2061,40ft,29
2062,40ft,19
2063,40ft,18
2064,40ft,20
2065,40ft,21
2066,40ft,22
2067,40ft,6
2068,20ft,28
2069,20ft,27
2070,20ft,26
2071,20ft,29
2072,20ft,26
2073,20ft,26
2074,20ft,24
2075,20ft,24
2076,20ft,20
2077,20ft,25
2078,20ft,20
2079,20ft,29
2080,20ft,19
2081,20ft,22
2082,20ft,19
2083,20ft,19
2084,40ft,19
2085,20ft,8
2086,20ft,26
2087,40ft,21
2088,40ft,12
2089,40ft,13
2090,40ft,15
2091,40ft,13
2092,40ft,15
2093,40ft,9
2094,40ft,2
2095,20ft,22
2096,20ft,26
2097,20ft,3
2098,20ft,27
2099,40ft,15
2100,40ft,14
2101,40ft,5
2102,40ft,5
2103,40ft,2
2104,40ft,3
2105,20ft,3
2106,20ft,21
2107,40ft,9
2108,40ft,8
2109,40ft,5
2110,40ft,6
2111,40ft,2
2112,20ft,3
2113,20ft,24
2114,20ft,3
2115,20ft,19
2116,20ft,3
2117,20ft,18
2118,40ft,9
2119,40ft,6
2120,40ft,5
2121,40ft,6
2122,40ft,3
2123,20ft,3
2124,20ft,20
2125,40ft,9
2126,40ft,9
2127,40ft,8
2128,40ft,8
2129,40ft,9
2130,40ft,8
2131,40ft,8
2132,20ft,28
2133,20ft,27
2134,20ft,25
2135,20ft,24
2136,20ft,21
2137,20ft,28
2138,20ft,22
2139,20ft,26
2140,20ft,19
2141,20ft,26
2142,20ft,19
2143,20ft,22
2144,20ft,19
2145,20ft,20
2146,20ft,22
2147,20ft,22
2148,20ft,19
2149,20ft,15
2150,20ft,23
2151,20ft,29
2152,20ft,9
2153,20ft,28
2154,40ft,6
2155,40ft,6
2156,40ft,5
2157,40ft,6
2158,40ft,5
2159,40ft,2
2160,20ft,21
2161,20ft,28
2162,20ft,19
2163,20ft,25
2164,20ft,21
2165,20ft,27
2166,20ft,19
2167,20ft,22
2168,20ft,20
2169,20ft,21
2170,20ft,20
2171,20ft,20
2172,20ft,22
2173,20ft,22
2174,20ft,22
2175,20ft,19
2176,20ft,19
2177,20ft,18
2178,20ft,20
2179,20ft,26
2180,20ft,20
2181,20ft,24
2182,20ft,3
2183,20ft,26
2184,40ft,24
2185,40ft,21
2186,40ft,20
2187,40ft,9
2188,40ft,6
2189,40ft,3
2190,20ft,21
2191,20ft,20
2192,20ft,3
2193,20ft,21
2194,40ft,13
2195,40ft,13
2196,40ft,14
2197,40ft,8
2198,40ft,6
2199,40ft,3
2200,20ft,22
2201,20ft,23
2202,40ft,22
2203,40ft,22
2204,40ft,13
2205,40ft,15
2206,40ft,13
2207,40ft,9
2208,40ft,3
2209,20ft,27
2210,20ft,27
2211,20ft,27
2212,20ft,28
2213,20ft,25
2214,20ft,29
2215,20ft,20
2216,20ft,26
2217,20ft,22
2218,20ft,28
2219,20ft,21
2220,20ft,27
2221,20ft,22
2222,20ft,13
2223,20ft,22
2224,20ft,13
2225,20ft,19
2226,20ft,26
2227,20ft,14
2228,20ft,21
2229,20ft,14
2230,20ft,20
2231,40ft,28
2232,40ft,25
2233,40ft,29
2234,40ft,15
2235,40ft,3
2236,20ft,20
2237,20ft,27
2238,20ft,19
2239,20ft,27
2240,20ft,20
2241,20ft,26
2242,20ft,23
2243,20ft,20
2244,40ft,9
2245,40ft,5
2246,40ft,2
2247,40ft,3
2248,20ft,19
2249,20ft,27
2250,20ft,20
2251,20ft,21
2252,40ft,22
2253,40ft,21
2254,40ft,21
2255,40ft,21
2256,40ft,20
2257,40ft,9
2258,20ft,28
2259,20ft,27
2260,20ft,13
2261,20ft,26
2262,40ft,20
2263,40ft,21
2264,40ft,13
2265,40ft,13
2266,40ft,13
2267,40ft,5
2268,20ft,20
2269,20ft,21
2270,40ft,24
2271,40ft,19
2272,40ft,20
2273,40ft,6
2274,40ft,2
2275,20ft,20
2276,20ft,21
2277,20ft,22
2278,20ft,20
2279,20ft,21
2280,20ft,20
2281,20ft,20
2282,20ft,22
2283,40ft,25
2284,40ft,19
2285,40ft,21
2286,40ft,6
2287,20ft,20
2288,20ft,24
2289,20ft,20
2290,20ft,26
2291,40ft,24
2292,40ft,28
2293,40ft,28
2294,40ft,19
2295,40ft,21
2296,40ft,27
2297,40ft,26
2298,40ft,20
2299,40ft,22
2300,40ft,14
2301,40ft,6
2302,40ft,5
2303,40ft,5
2304,40ft,22
2305,40ft,22
2306,40ft,19
2307,40ft,20
2308,40ft,20
2309,40ft,21
2310,40ft,20
2311,40ft,22
2312,20ft,13
2313,20ft,22
2314,20ft,2
2315,20ft,21
2316,40ft,20
2317,40ft,20
2318,40ft,20
2319,40ft,20
2320,40ft,20
2321,40ft,22
2322,40ft,24
2323,40ft,28
2324,40ft,26
2325,40ft,28
2326,40ft,28
2327,40ft,21
2328,40ft,8
2329,40ft,6
2330,40ft,24
2331,40ft,27
2332,40ft,27
2333,40ft,28
2334,40ft,21
2335,40ft,20
2336,40ft,19
2337,20ft,14
2338,20ft,19
2339,20ft,14
2340,20ft,21
2341,40ft,28
2342,40ft,27
2343,40ft,19
2344,40ft,23
2345,40ft,22
2346,40ft,8
2347,40ft,20
2348,40ft,21
2349,40ft,20
2350,40ft,21
2351,40ft,8
2352,40ft,2
2353,40ft,2
2354,20ft,13
2355,20ft,29
2356,20ft,9
2357,20ft,19
2358,40ft,29
2359,40ft,21
2360,40ft,22
2361,40ft,18
2362,40ft,21
2363,20ft,22
2364,20ft,24
2365,20ft,20
2366,20ft,27
2367,40ft,25
2368,40ft,27
2369,40ft,26
2370,40ft,29
2371,40ft,26
2372,40ft,26
2373,20ft,2
2374,20ft,25
2375,20ft,3
2376,20ft,25
2377,40ft,27
2378,40ft,9
2379,40ft,8
2380,40ft,6
2381,40ft,6
2382,40ft,5
2383,40ft,3
2384,20ft,3
2385,20ft,27
2386,40ft,28
2387,40ft,29
2388,40ft,24
2389,40ft,24
2390,40ft,25
2391,40ft,28
2392,40ft,19
2393,40ft,19
2394,20ft,20
2395,20ft,28
2396,20ft,15
2397,20ft,28
2398,20ft,2
2399,20ft,28
2400,40ft,12
2401,40ft,9
2402,40ft,5
2403,40ft,5
2404,40ft,2
2405,20ft,3
2406,20ft,22
2407,40ft,14
2408,40ft,13
2409,40ft,14
2410,40ft,9
2411,40ft,9
2412,40ft,8
2413,40ft,6
2414,20ft,21
2415,20ft,22
2416,40ft,22
2417,40ft,21
2418,40ft,20
2419,40ft,19
2420,40ft,13
2421,40ft,6
2422,40ft,6
2423,40ft,24
2424,40ft,29
2425,40ft,26
2426,40ft,24
2427,40ft,29
2428,20ft,13
2429,20ft,20
2430,40ft,18
2431,40ft,19
2432,40ft,12
2433,40ft,14
2434,40ft,9
2435,40ft,6
2436,20ft,19
2437,20ft,22
2438,20ft,19
2439,20ft,20
2440,20ft,12
2441,20ft,20
2442,20ft,3
2443,20ft,20
2444,40ft,22
2445,40ft,22
2446,40ft,9
2447,40ft,6
2448,40ft,2
2449,40ft,21
2450,40ft,19
2451,40ft,21
2452,40ft,13
2453,40ft,8
2454,40ft,9
2455,40ft,6
2456,40ft,6
2457,40ft,5
2458,40ft,6
2459,40ft,5
2460,40ft,6
2461,20ft,9
2462,20ft,25
2463,40ft,26
2464,40ft,22
2465,40ft,22
2466,40ft,18
2467,40ft,14
2468,40ft,12
2469,40ft,8
2470,40ft,6
2471,20ft,18
2472,20ft,26
2473,20ft,2
2474,20ft,26
2475,40ft,22
2476,40ft,22
2477,40ft,13
2478,40ft,14
2479,40ft,9
2480,40ft,9
2481,40ft,22
2482,40ft,21
2483,40ft,19
2484,40ft,20
2485,40ft,20
2486,40ft,19
2487,20ft,14
2488,20ft,29
2489,20ft,9
2490,20ft,22
2491,40ft,21
2492,40ft,20
2493,40ft,22
2494,40ft,14
2495,40ft,5
2496,40ft,5
2497,20ft,21
2498,20ft,20
2499,20ft,15
2500,20ft,21
2501,40ft,20
2502,40ft,13
2503,20ft,20
2504,20ft,15
2505,40ft,28
2506,40ft,25
2507,40ft,26
2508,40ft,21
2509,40ft,20
2510,40ft,23
2511,20ft,19
2512,20ft,19
2513,40ft,22
2514,40ft,19
2515,40ft,14
2516,40ft,6
2517,40ft,5
2518,40ft,2
2519,40ft,3
2520,20ft,2
2521,20ft,20
2522,20ft,3
2523,20ft,22
2524,40ft,21
2525,40ft,19
2526,40ft,21
2527,40ft,6
2528,40ft,3
2529,20ft,22
2530,20ft,20
2531,40ft,13
2532,40ft,8
2533,40ft,5
2534,40ft,5
2535,40ft,5
2536,40ft,6
2537,40ft,2
2538,20ft,18
2539,20ft,28
2540,40ft,24
2541,40ft,24
2542,40ft,24
2543,40ft,27
2544,40ft,22
2545,40ft,21
2546,20ft,21
2547,20ft,28
2548,40ft,26
2549,40ft,24
2550,40ft,28
2551,40ft,21
2552,40ft,19
2553,40ft,14
2554,40ft,13
2555,20ft,2
2556,20ft,24
2557,40ft,25
2558,40ft,27
2559,40ft,27
2560,40ft,28
2561,40ft,20
2562,40ft,20
2563,20ft,14
2564,20ft,25
2565,40ft,26
2566,40ft,26
2567,40ft,24
2568,40ft,25
2569,20ft,22
2570,20ft,19
2571,20ft,20
2572,20ft,21
2573,20ft,19
2574,20ft,22
2575,20ft,22
2576,20ft,22
2577,20ft,12
2578,20ft,14
2579,20ft,9
2580,20ft,14
2581,40ft,9
2582,40ft,9
2583,20ft,21
2584,20ft,19
2585,20ft,21
2586,20ft,18
2587,40ft,24
2588,40ft,19
2589,40ft,21
2590,40ft,20
2591,40ft,13
2592,40ft,9
2593,20ft,8
2594,20ft,22
2595,40ft,22
2596,40ft,21
2597,40ft,19
2598,40ft,19
2599,40ft,21
2600,40ft,14
2601,40ft,6
2602,40ft,15
2603,40ft,14
2604,40ft,9
2605,40ft,9
2606,40ft,9
2607,40ft,9
2608,40ft,5
2609,40ft,3
2610,40ft,19
2611,40ft,19
2612,40ft,20
2613,40ft,21
2614,40ft,5
2615,40ft,5
2616,20ft,22
2617,20ft,22
2618,40ft,25
2619,40ft,28
2620,40ft,19
2621,40ft,22
2622,40ft,13
2623,40ft,13
2624,40ft,12
2625,20ft,21
2626,20ft,21
2627,20ft,19
2628,20ft,20
2629,40ft,19
2630,20ft,28
2631,20ft,27
2632,40ft,13
2633,40ft,6
2634,40ft,6
2635,40ft,5
2636,40ft,5
2637,40ft,5
2638,40ft,3
2639,40ft,2
2640,20ft,2
2641,20ft,24
2642,40ft,22
2643,40ft,19
2644,40ft,13
2645,40ft,14
2646,40ft,8
2647,40ft,5
2648,20ft,13
2649,20ft,19
2650,40ft,28
2651,40ft,25
2652,40ft,27
2653,40ft,24
2654,40ft,27
2655,40ft,25
2656,40ft,22
2657,40ft,21
2658,20ft,23
2659,20ft,29
2660,20ft,20
2661,20ft,21
2662,40ft,5
2663,40ft,5
2664,40ft,5
2665,40ft,5
2666,40ft,6
2667,40ft,2
2668,20ft,22
2669,20ft,21
2670,20ft,15
2671,20ft,19
2672,20ft,12
2673,20ft,21
2674,20ft,9
2675,20ft,19
2676,20ft,2
2677,20ft,22
2678,40ft,5
2679,40ft,6
2680,40ft,3
2681,40ft,14
2682,40ft,14
2683,40ft,14
2684,40ft,15
2685,40ft,15
2686,40ft,8
2687,40ft,6
2688,40ft,5
2689,20ft,2
2690,20ft,3
2691,20ft,3
2692,20ft,2
2693,40ft,5
2694,40ft,6
2695,40ft,3
2696,40ft,3
2697,40ft,2
2698,40ft,2
2699,40ft,3
2700,20ft,19
2701,20ft,28
2702,20ft,22
2703,20ft,29
2704,20ft,22
2705,20ft,24
2706,40ft,28
2707,40ft,26
2708,40ft,26
2709,40ft,29
2710,40ft,25
2711,40ft,28
2712,20ft,3
2713,20ft,19
2714,20ft,2
2715,20ft,15
2716,20ft,2
2717,20ft,13
2718,40ft,13
2719,40ft,8
2720,40ft,5
2721,40ft,2
2722,20ft,20
2723,20ft,25
2724,40ft,26
2725,40ft,27
2726,40ft,25
2727,40ft,24
2728,40ft,28
2729,40ft,25
2730,40ft,2
2731,20ft,22
2732,20ft,28
2733,20ft,19
2734,20ft,22
2735,40ft,24
2736,40ft,26
2737,40ft,25
2738,40ft,29
2739,40ft,26
2740,40ft,28
2741,40ft,27
2742,40ft,25
2743,40ft,29
2744,40ft,28
2745,40ft,28
2746,40ft,28
2747,40ft,22
2748,40ft,20
2749,40ft,20
2750,20ft,2
2751,20ft,19
2752,40ft,22
2753,40ft,20
2754,40ft,14
2755,40ft,14
2756,40ft,5
2757,40ft,2
2758,40ft,2
2759,20ft,3
2760,20ft,21
2761,20ft,3
2762,20ft,22
2763,40ft,22
2764,40ft,20
2765,40ft,22
2766,40ft,15
2767,40ft,9
2768,40ft,19
2769,40ft,8
2770,40ft,9
2771,40ft,6
2772,40ft,8
2773,20ft,28
2774,20ft,28
2775,20ft,19
2776,20ft,24
2777,40ft,24
2778,40ft,21
2779,40ft,20
2780,40ft,22
2781,40ft,19
2782,40ft,6
2783,20ft,28
2784,20ft,25
2785,20ft,21
2786,20ft,25
2787,20ft,22
2788,20ft,22
2789,40ft,22
2790,40ft,19
2791,40ft,13
2792,40ft,15
2793,40ft,14
2794,20ft,15
2795,20ft,22
2796,40ft,25
2797,40ft,22
2798,40ft,22
2799,40ft,19
2800,40ft,19
2801,40ft,14
2802,40ft,13
2803,20ft,22
2804,20ft,28
2805,20ft,19
2806,20ft,25
2807,20ft,20
2808,20ft,19
2809,40ft,22
2810,40ft,22
2811,40ft,22
2812,40ft,15
2813,40ft,6
2814,20ft,22
2815,20ft,22
2816,20ft,14
2817,20ft,21
2818,40ft,26
2819,40ft,19
2820,40ft,14
2821,40ft,9
2822,40ft,5
2823,40ft,3
2824,40ft,25
2825,40ft,28
2826,40ft,20
2827,40ft,22
2828,40ft,21
2829,40ft,22
2830,40ft,14
2831,40ft,5
2832,20ft,21
2833,20ft,27
2834,20ft,23
2835,20ft,23
2836,40ft,19
2837,40ft,19
2838,40ft,20
2839,40ft,21
2840,40ft,8
2841,40ft,5
2842,20ft,22
2843,20ft,19
2844,40ft,27
2845,40ft,26
2846,40ft,20
2847,40ft,20
2848,40ft,21
2849,40ft,9
2850,20ft,18
2851,20ft,20
2852,20ft,19
2853,20ft,19
2854,20ft,21
2855,20ft,20
2856,20ft,21
2857,20ft,21
2858,40ft,26
2859,40ft,27
2860,40ft,19
2861,40ft,21
2862,40ft,21
2863,40ft,19
2864,40ft,22
2865,40ft,14
2866,20ft,20
2867,20ft,20
2868,40ft,26
2869,40ft,21
2870,40ft,19
2871,40ft,19
2872,40ft,20
2873,40ft,14
2874,40ft,22
2875,40ft,19
2876,40ft,22
2877,40ft,14
2878,40ft,14
2879,20ft,15
2880,20ft,19
2881,40ft,20
2882,40ft,9
2883,20ft,20
2884,20ft,27
2885,20ft,9
2886,20ft,20
2887,40ft,8
2888,40ft,9
2889,40ft,6
2890,40ft,2
2891,20ft,29
2892,20ft,8
2893,20ft,22
2894,20ft,8
2895,20ft,22
2896,20ft,2
2897,20ft,19
2898,20ft,3
2899,40ft,13
2900,40ft,9
2901,40ft,9
2902,40ft,6
2903,40ft,6
2904,40ft,29
2905,40ft,25
2906,40ft,25
2907,40ft,25
2908,40ft,24
2909,40ft,25
2910,40ft,22
2911,40ft,21
2912,40ft,21
2913,20ft,21
2914,20ft,22
2915,20ft,20
2916,20ft,20
2917,20ft,19
2918,20ft,21
2919,20ft,13
2920,20ft,22
2921,20ft,12
2922,20ft,20
2923,20ft,14
2924,20ft,22
2925,20ft,8
2926,20ft,21
2927,20ft,3
2928,20ft,23
2929,20ft,3
2930,20ft,19
2931,40ft,25
2932,40ft,25
2933,40ft,27
2934,40ft,25
2935,40ft,28
2936,40ft,25
2937,40ft,22
2938,40ft,21
2939,40ft,26
2940,40ft,20
2941,40ft,20
2942,40ft,19
2943,40ft,5
2944,20ft,22
2945,20ft,28
2946,20ft,21
2947,20ft,19
2948,20ft,20
2949,20ft,22
2950,20ft,20
2951,20ft,21
2952,40ft,24
2953,40ft,28
2954,40ft,20
2955,40ft,20
2956,40ft,22
2957,20ft,3
2958,20ft,28
2959,40ft,20
2960,40ft,22
2961,40ft,21
2962,40ft,6
2963,40ft,2
2964,20ft,25
2965,20ft,25
2966,20ft,28
2967,20ft,25
2968,20ft,19
2969,20ft,26
2970,20ft,19
2971,20ft,29
2972,40ft,28
2973,40ft,21
2974,40ft,22
2975,40ft,22
2976,40ft,25
2977,40ft,29
2978,40ft,21
2979,20ft,22
2980,20ft,23
2981,40ft,29
2982,40ft,24
2983,40ft,25
2984,40ft,25
2985,40ft,28
2986,40ft,26
2987,40ft,20
2988,40ft,21
2989,40ft,3
2990,20ft,21
2991,20ft,24
2992,20ft,20
2993,20ft,26
2994,40ft,24
2995,40ft,25
2996,40ft,27
2997,40ft,28
2998,40ft,26
2999,40ft,6
3000,20ft,15
3001,20ft,26
3002,20ft,14
3003,20ft,21
3004,20ft,15
3005,20ft,20
3006,40ft,26
3007,40ft,27
3008,40ft,29
3009,40ft,28
3010,40ft,28
3011,20ft,21
3012,20ft,21
3013,40ft,20
3014,40ft,21
3015,40ft,21
3016,40ft,19
3017,40ft,19
3018,40ft,23
3019,40ft,20
3020,20ft,19
3021,20ft,19
3022,20ft,22
3023,20ft,19
3024,20ft,21
3025,20ft,20
3026,40ft,28
3027,40ft,29
3028,40ft,19
3029,40ft,21
3030,40ft,22
3031,20ft,21
3032,20ft,21
3033,20ft,20
3034,20ft,20
3035,40ft,28
3036,40ft,28
3037,40ft,28
3038,40ft,22
3039,40ft,19
3040,40ft,9
3041,40ft,20
3042,40ft,19
3043,40ft,13
3044,40ft,8
3045,40ft,2
3046,40ft,28
3047,40ft,20
3048,40ft,22
3049,40ft,21
3050,40ft,22
3051,40ft,21
3052,40ft,15
3053,40ft,13
3054,40ft,29
3055,40ft,27
3056,40ft,18
3057,40ft,22
3058,40ft,22
3059,40ft,20
3060,40ft,19
3061,40ft,21
3062,40ft,24
3063,40ft,28
3064,40ft,29
3065,40ft,25
3066,40ft,25
3067,40ft,21
3068,40ft,26
3069,40ft,29
3070,40ft,27
3071,40ft,29
3072,40ft,28
3073,40ft,26
3074,40ft,27
3075,40ft,24
3076,40ft,22
3077,40ft,27
3078,40ft,22
3079,40ft,19
3080,40ft,25
3081,40ft,27
3082,40ft,21
3083,40ft,23
3084,40ft,19
3085,40ft,22
3086,40ft,21
3087,40ft,21
3088,40ft,19
3089,40ft,21
3090,40ft,22
3091,40ft,20
3092,40ft,19
3093,40ft,21
3094,40ft,12
3095,40ft,8
3096,40ft,21
3097,40ft,20
3098,40ft,22
3099,40ft,22
3100,40ft,19
3101,40ft,19
3102,40ft,22
3103,40ft,9
3104,20ft,21
3105,20ft,24
3106,20ft,9
3107,20ft,21
3108,20ft,3
3109,20ft,20
3110,40ft,22
3111,40ft,19
3112,40ft,23
3113,40ft,5
3114,40ft,2
3115,20ft,22
3116,20ft,25
3117,20ft,22
3118,20ft,19
3119,20ft,18
3120,20ft,20
3121,40ft,20
3122,40ft,18
3123,40ft,21
3124,40ft,13
3125,40ft,6
3126,20ft,25
3127,20ft,26
3128,20ft,26
3129,20ft,27
3130,40ft,19
3131,40ft,22
3132,40ft,19
3133,40ft,23
3134,40ft,21
3135,40ft,20
3136,20ft,22
3137,20ft,22
3138,40ft,28
3139,40ft,8
3140,40ft,8
3141,40ft,9
3142,40ft,8
3143,40ft,9
3144,40ft,8
3145,40ft,8
3146,40ft,26
3147,40ft,29
3148,40ft,24
3149,40ft,20
3150,40ft,21
3151,20ft,21
3152,20ft,20
3153,20ft,19
3154,20ft,22
3155,20ft,3
3156,20ft,18
3157,40ft,9
3158,40ft,9
3159,40ft,8
3160,40ft,5
3161,40ft,3
3162,20ft,14
3163,20ft,19
3164,40ft,21
3165,40ft,13
3166,40ft,6
3167,40ft,6
3168,40ft,5
3169,40ft,5
3170,40ft,2
3171,20ft,21
3172,20ft,25
3173,20ft,21
3174,20ft,21
3175,20ft,12
3176,20ft,19
3177,40ft,15
3178,40ft,14
3179,40ft,13
3180,40ft,14
3181,40ft,3
3182,20ft,26
3183,20ft,24
3184,20ft,26
3185,20ft,27
3186,20ft,21
3187,20ft,25
3188,40ft,19
3189,40ft,22
3190,40ft,22
3191,40ft,22
3192,40ft,20
3193,40ft,5
3194,20ft,2
3195,20ft,23
3196,40ft,20
3197,40ft,22
3198,40ft,22
3199,40ft,14
3200,40ft,13
3201,40ft,13
3202,40ft,13
3203,20ft,20
3204,20ft,21
3205,40ft,26
3206,40ft,28
3207,40ft,28
3208,40ft,14
3209,40ft,13
3210,40ft,14
3211,40ft,8
3212,40ft,26
3213,40ft,27
3214,40ft,26
3215,40ft,24
3216,40ft,25
3217,40ft,28
3218,40ft,24
3219,40ft,27
3220,40ft,20
3221,40ft,26
3222,40ft,24
3223,40ft,25
3224,40ft,24
3225,40ft,27
3226,40ft,20
3227,40ft,19
3228,40ft,21
3229,20ft,14
3230,20ft,19
3231,40ft,22
3232,40ft,14
3233,40ft,6
3234,40ft,5
3235,40ft,6
3236,40ft,5
3237,40ft,6
3238,20ft,14
3239,20ft,22
3240,40ft,19
3241,40ft,22
3242,40ft,20
3243,40ft,13
3244,40ft,14
3245,40ft,5
3246,40ft,6
3247,40ft,21
3248,40ft,19
3249,40ft,22
3250,40ft,13
3251,40ft,8
3252,40ft,8
3253,40ft,5
3254,40ft,6
3255,40ft,21
3256,40ft,14
3257,40ft,13
3258,40ft,12
3259,40ft,14
3260,40ft,9
3261,40ft,5
3262,40ft,19
3263,40ft,3
3264,20ft,21
3265,20ft,19
3266,40ft,26
3267,40ft,27
3268,40ft,23
3269,40ft,21
3270,40ft,13
3271,40ft,8
3272,40ft,9
3273,20ft,12
3274,20ft,21
3275,40ft,21
3276,40ft,20
3277,40ft,14
3278,40ft,8
3279,40ft,5
3280,40ft,2
3281,40ft,2
3282,20ft,9
3283,20ft,20
3284,40ft,21
3285,20ft,21
3286,20ft,22
3287,40ft,29
3288,40ft,22
3289,40ft,8
3290,40ft,2
3291,40ft,6
3292,20ft,14
3293,20ft,19
3294,40ft,22
3295,40ft,14
3296,40ft,9
3297,40ft,8
3298,20ft,13
3299,20ft,20
3300,40ft,12
3301,40ft,13
3302,40ft,8
3303,40ft,3
3304,40ft,2
3305,20ft,25
3306,20ft,13
3307,20ft,8
3308,20ft,19
3309,40ft,14
3310,40ft,5
3311,40ft,3
3312,40ft,3
3313,40ft,3
3314,40ft,3
3315,40ft,19
3316,40ft,5
3317,40ft,6
3318,40ft,6
3319,40ft,3
3320,40ft,3
3321,40ft,2
3322,40ft,18
3323,40ft,22
3324,40ft,12
3325,40ft,14
3326,40ft,5
3327,40ft,22
3328,40ft,21
3329,40ft,21
3330,40ft,20
3331,40ft,13
3332,40ft,15
3333,40ft,22
3334,40ft,13
3335,40ft,12
3336,40ft,14
3337,40ft,8
3338,40ft,8
3339,40ft,3
3340,40ft,13
3341,40ft,6
3342,40ft,6
3343,40ft,6
3344,40ft,5
3345,40ft,2
3346,40ft,2
3347,40ft,3
3348,20ft,15
3349,20ft,19
3350,40ft,21
3351,40ft,23
3352,40ft,8
3353,40ft,3
3354,20ft,13
3355,20ft,21
3356,20ft,9
3357,20ft,19
3358,40ft,21
3359,40ft,8
3360,40ft,5
3361,40ft,3
3362,40ft,3
3363,40ft,3
3364,40ft,13
3365,40ft,14
3366,40ft,9
3367,40ft,5
3368,40ft,2
3369,20ft,22
3370,20ft,19
3371,20ft,22
3372,20ft,19
3373,40ft,27
3374,40ft,19
3375,40ft,6
3376,40ft,5
3377,40ft,9
3378,40ft,8
3379,40ft,6
3380,40ft,9
3381,40ft,2
3382,20ft,15
3383,20ft,22
3384,40ft,22
3385,40ft,22
3386,40ft,21
3387,40ft,19
3388,40ft,19
3389,40ft,19
3390,40ft,14
3391,40ft,22
3392,40ft,19
3393,40ft,12
3394,40ft,3
3395,20ft,2
3396,20ft,25
3397,40ft,26
3398,40ft,26
3399,40ft,28
3400,40ft,22
3401,40ft,21
3402,40ft,19
3403,40ft,2
3404,40ft,25
3405,20ft,22
3406,20ft,19
3407,40ft,29
3408,40ft,29
3409,40ft,28
3410,40ft,28
3411,40ft,26
3412,20ft,20
3413,20ft,28
3414,20ft,20
3415,20ft,22
3416,40ft,28
3417,40ft,21
3418,40ft,19
3419,40ft,21
3420,40ft,18
3421,20ft,19
3422,20ft,27
3423,20ft,2
3424,20ft,21
3425,40ft,21
3426,40ft,20
3427,40ft,19
3428,40ft,5
3429,40ft,5
3430,40ft,2
3431,20ft,21
3432,20ft,24
3433,20ft,19
3434,20ft,24
3435,40ft,24
3436,40ft,28
3437,40ft,21
3438,40ft,22
3439,40ft,20
3440,40ft,2
3441,40ft,9
3442,40ft,6
3443,40ft,22
3444,40ft,20
3445,40ft,19
3446,40ft,25
3447,40ft,28
3448,40ft,21
3449,40ft,20
3450,40ft,21
3451,40ft,22
3452,40ft,12
3453,40ft,8
3454,40ft,9
3455,40ft,8
3456,40ft,9
3457,40ft,6
3458,40ft,3
3459,40ft,8
3460,40ft,6
3461,40ft,3
3462,40ft,3
3463,40ft,2
3464,40ft,24
3465,40ft,28
3466,40ft,28
3467,40ft,26
3468,40ft,19
3469,40ft,12
3470,20ft,14
3471,20ft,8
3472,40ft,18
3473,40ft,15
3474,40ft,9
3475,40ft,9
3476,40ft,8
3477,20ft,21
3478,20ft,24
3479,20ft,22
3480,20ft,28
3481,20ft,20
3482,20ft,29
3483,20ft,21
3484,20ft,29
3485,20ft,20
3486,20ft,19
3487,40ft,23
3488,40ft,14
3489,20ft,8
3490,20ft,15
3491,40ft,9
3492,40ft,9
3493,40ft,9
3494,40ft,6
3495,40ft,5
3496,40ft,2
3497,20ft,15
3498,20ft,20
3499,40ft,5
3500,40ft,5
3501,40ft,3
3502,40ft,3
3503,40ft,19
3504,40ft,20
3505,40ft,22
3506,40ft,22
3507,40ft,20
3508,40ft,28
3509,40ft,26
3510,40ft,29
3511,40ft,24
3512,40ft,26
3513,40ft,19
3514,40ft,22
3515,40ft,6
3516,40ft,18
3517,40ft,19
3518,40ft,19
3519,40ft,19
3520,40ft,21
3521,40ft,15
3522,40ft,23
3523,40ft,21
3524,40ft,22
3525,40ft,3
3526,40ft,13
3527,40ft,26
3528,40ft,28
3529,40ft,24
3530,40ft,29
3531,40ft,25
3532,40ft,20
3533,40ft,22
3534,40ft,29
3535,20ft,21
3536,20ft,28
3537,20ft,3
3538,20ft,21
3539,40ft,21
3540,40ft,21
3541,40ft,8
3542,40ft,5
3543,40ft,3
3544,40ft,26
3545,40ft,28
3546,40ft,5
3547,40ft,6
3548,40ft,6
3549,40ft,6
3550,40ft,28
3551,40ft,20
3552,40ft,6
3553,40ft,19
3554,20ft,2
3555,20ft,22
3556,40ft,13
3557,40ft,14
3558,40ft,8
3559,40ft,9
3560,20ft,2
3561,20ft,20
3562,20ft,2
3563,20ft,19
3564,40ft,5
3565,40ft,3
3566,40ft,2
3567,40ft,3
3568,40ft,2
3569,40ft,19
3570,40ft,25
3571,40ft,28
3572,40ft,5
3573,40ft,2
3574,40ft,3
3575,40ft,2
3576,40ft,25
3577,40ft,27
3578,40ft,28
3579,40ft,19
3580,40ft,19
3581,40ft,21
3582,20ft,21
3583,20ft,21
3584,20ft,22
3585,20ft,21
3586,40ft,20
3587,40ft,21
3588,40ft,14
3589,40ft,9
3590,40ft,6
3591,20ft,19
3592,20ft,26
3593,20ft,20
3594,20ft,26
3595,20ft,21
3596,20ft,26
3597,20ft,22
3598,20ft,22
3599,20ft,20
3600,20ft,20
3601,20ft,21
3602,20ft,20
3603,40ft,6
3604,40ft,5
3605,20ft,22
3606,20ft,18
3607,40ft,25
3608,40ft,24
3609,40ft,27
3610,40ft,20
3611,40ft,22
3612,40ft,12
3613,40ft,2
3614,40ft,8
3615,40ft,22
3616,20ft,22
3617,20ft,21
3618,40ft,24
3619,40ft,24
3620,40ft,22
3621,40ft,14
3622,40ft,5
3623,40ft,5
3624,20ft,2
3625,20ft,21
3626,40ft,21
3627,40ft,21
3628,40ft,21
3629,40ft,20
3630,40ft,8
3631,40ft,6
3632,40ft,6
3633,20ft,22
3634,20ft,20
3635,40ft,20
3636,40ft,19
3637,40ft,14
3638,20ft,22
3639,20ft,25
3640,20ft,14
3641,20ft,27
3642,40ft,24
3643,40ft,20
3644,40ft,20
3645,40ft,8
3646,40ft,5
3647,40ft,6
3648,40ft,20
3649,40ft,19
3650,40ft,19
3651,40ft,14
3652,40ft,13
3653,20ft,20
3654,20ft,20
3655,20ft,19
3656,20ft,19
3657,40ft,25
3658,40ft,21
3659,40ft,6
3660,40ft,21
3661,40ft,13
3662,40ft,20
3663,40ft,3
3664,40ft,19
3665,40ft,20
3666,40ft,22
3667,40ft,8
3668,40ft,2
3669,40ft,2
3670,20ft,21
3671,20ft,21
3672,20ft,13
3673,20ft,20
3674,40ft,13
3675,40ft,5
3676,40ft,2
3677,40ft,25
3678,40ft,25
3679,40ft,26
3680,40ft,26
3681,20ft,18
3682,20ft,18
3683,40ft,2
3684,40ft,3
3685,40ft,2
3686,20ft,19
3687,20ft,19
3688,40ft,21
3689,40ft,21
3690,40ft,5
3691,40ft,9
3692,40ft,3
3693,40ft,5
3694,20ft,14
3695,20ft,22
3696,40ft,27
3697,40ft,27
3698,40ft,22
3699,40ft,22
3700,40ft,12
3701,40ft,8
3702,40ft,6
3703,40ft,22
3704,40ft,8
3705,20ft,21
3706,20ft,21
3707,40ft,19
3708,40ft,20
3709,40ft,22
3710,40ft,23
3711,40ft,19
3712,40ft,14
3713,40ft,13
3714,40ft,8
3715,40ft,22
3716,40ft,27
3717,40ft,21
3718,40ft,19
3719,20ft,12
3720,20ft,22
3721,40ft,20
3722,40ft,21
3723,40ft,22
3724,40ft,19
3725,40ft,21
3726,40ft,5
3727,40ft,6
3728,20ft,19
3729,20ft,28
3730,20ft,19
3731,20ft,21
3732,20ft,21
3733,20ft,20
3734,20ft,21
3735,20ft,14
3736,40ft,26
3737,40ft,28
3738,40ft,19
3739,40ft,25
3740,40ft,19
3741,40ft,26
3742,40ft,21
3743,40ft,5
3744,40ft,6
3745,40ft,2
3746,40ft,5
3747,20ft,15
3748,20ft,20
3749,40ft,12
3750,40ft,8
3751,40ft,9
3752,40ft,8
3753,40ft,8
3754,40ft,9
3755,40ft,21
3756,20ft,2
3757,20ft,22
3758,40ft,9
3759,40ft,6
3760,40ft,6
3761,40ft,5
3762,20ft,14
3763,20ft,20
3764,40ft,9
3765,40ft,9
3766,40ft,9
3767,40ft,9
3768,40ft,9
3769,40ft,8
3770,40ft,5
3771,20ft,2
3772,20ft,20
3773,40ft,13
3774,40ft,6
3775,40ft,5
3776,40ft,5
3777,20ft,21
3778,20ft,25
3779,40ft,8
3780,40ft,2
3781,40ft,25
3782,40ft,26
3783,40ft,21
3784,40ft,20
3785,40ft,21
3786,40ft,13
3787,40ft,5
3788,40ft,14
3789,40ft,2
3790,40ft,21
3791,40ft,24
3792,40ft,27
3793,40ft,27
3794,40ft,28
3795,40ft,27
3796,40ft,21
3797,40ft,5
3798,40ft,8
3799,40ft,20
3800,40ft,20
3801,40ft,15
3802,40ft,15
3803,40ft,22
3804,40ft,21
3805,40ft,21
3806,40ft,9
3807,40ft,6
3808,40ft,6
3809,40ft,2
3810,40ft,19
3811,40ft,21
3812,40ft,15
3813,40ft,13
3814,20ft,29
3815,20ft,27
3816,20ft,25
3817,20ft,25
3818,20ft,2
3819,20ft,20
3820,40ft,15
3821,40ft,9
3822,40ft,9
3823,40ft,8
3824,40ft,5
3825,40ft,3
3826,40ft,2
3827,40ft,2
3828,40ft,2
3829,20ft,8
3830,20ft,19
3831,40ft,6
3832,40ft,6
3833,40ft,6
3834,40ft,6
3835,40ft,6
3836,40ft,6
3837,40ft,2
3838,20ft,8
3839,20ft,21
3840,40ft,8
3841,40ft,9
3842,40ft,8
3843,40ft,8
3844,40ft,5
3845,40ft,6
3846,40ft,2
3847,40ft,9
3848,40ft,9
3849,40ft,9
3850,40ft,9
3851,40ft,9
3852,40ft,8
3853,40ft,9
3854,40ft,5
3855,40ft,27
3856,20ft,23
3857,20ft,25
3858,40ft,28
3859,40ft,21
3860,40ft,21
3861,40ft,21
3862,40ft,26
3863,20ft,2
3864,20ft,14
3865,40ft,5
3866,40ft,6
3867,40ft,6
3868,40ft,2
3869,40ft,2
3870,40ft,3
3871,40ft,3
3872,40ft,25
3873,40ft,23
3874,40ft,21
3875,40ft,5
3876,40ft,21
3877,40ft,14
3878,40ft,15
3879,40ft,15
3880,40ft,8
3881,40ft,8
3882,40ft,9
3883,40ft,2
3884,40ft,2
3885,40ft,8
3886,40ft,20
3887,40ft,14
3888,40ft,21
3889,40ft,8
3890,20ft,9
3891,40ft,9
3892,20ft,2
3893,20ft,22
3894,40ft,13
3895,40ft,19
3896,40ft,8
3897,40ft,14
3898,40ft,14
3899,40ft,15
3900,20ft,14
3901,40ft,6
3902,40ft,15
3903,40ft,6
3904,40ft,22
3905,40ft,13
3906,20ft,27
3907,40ft,21
3908,40ft,8
3909,40ft,8
3910,40ft,3
3911,40ft,6
3912,40ft,19
3913,20ft,21
3914,40ft,8
3915,40ft,5
3916,40ft,8
3917,20ft,27
3918,20ft,29
3919,40ft,5
3920,40ft,19
3921,40ft,8
3922,20ft,13
3923,40ft,15
3924,40ft,3
3925,40ft,13
3926,40ft,8
3927,40ft,14
3928,40ft,21
3929,40ft,3
3930,40ft,9
3931,40ft,21
3932,40ft,21
3933,40ft,8
3934,40ft,9
3935,40ft,6
3936,40ft,8
3937,20ft,3
3938,40ft,9
3939,40ft,14
3940,40ft,22
3941,40ft,21
3942,40ft,9
3943,40ft,3
3944,40ft,6
3945,40ft,19
3946,40ft,28
3947,40ft,19
3948,40ft,22
3949,40ft,26
3950,40ft,26
3951,40ft,20
3952,20ft,24
3953,40ft,28
3954,40ft,24
3955,20ft,25
3956,40ft,21
3957,40ft,23
3958,40ft,22
3959,40ft,24
3960,40ft,21
3961,40ft,26
3962,40ft,27
3963,40ft,24
3964,40ft,20
3965,40ft,20
3966,40ft,25
3967,20ft,27
3968,40ft,20
3969,40ft,24
3970,20ft,24
3971,40ft,20
3972,20ft,25
3973,40ft,19
3974,40ft,19
3975,40ft,26
3976,40ft,21
3977,40ft,28
3978,40ft,25
3979,40ft,20
3980,40ft,28
3981,40ft,21
3982,40ft,25
3983,40ft,28
3984,40ft,24
3985,40ft,25
3986,40ft,8
3987,40ft,22
3988,40ft,22
3989,40ft,24
3990,40ft,26
3991,40ft,28
3992,40ft,27
3993,20ft,20
3994,40ft,19
3995,20ft,20
3996,40ft,19
3997,40ft,27
3998,40ft,29
3999,40ft,27
4000,20ft,29
4001,40ft,18
4002,40ft,22
4003,40ft,21
4004,40ft,20
4005,40ft,27
4006,40ft,19
4007,20ft,28
4008,40ft,25
4009,20ft,2
4010,40ft,26
4011,40ft,22
4012,40ft,24
4013,40ft,27
4014,40ft,28
4015,20ft,19
4016,40ft,29
4017,40ft,21
4018,40ft,22
4019,40ft,27
4020,40ft,3
4021,40ft,8
4022,40ft,24
4023,40ft,5
4024,20ft,23
4025,40ft,22
4026,40ft,28
4027,40ft,21
4028,40ft,3
4029,20ft,28
4030,40ft,20
4031,20ft,24
4032,40ft,26
4033,40ft,27
4034,40ft,29
4035,40ft,28
4036,40ft,21
4037,40ft,21
4038,20ft,26
4039,40ft,20
4040,40ft,20
4041,40ft,25
4042,20ft,28
4043,40ft,29
4044,40ft,21
4045,40ft,19
4046,40ft,22
4047,40ft,21
4048,40ft,22
4049,40ft,22
4050,40ft,23
4051,40ft,21
4052,20ft,19
4053,40ft,20
4054,40ft,24
4055,40ft,29
4056,40ft,29
4057,40ft,24
4058,40ft,21
4059,40ft,27
4060,40ft,28
4061,20ft,25
4062,40ft,19
4063,40ft,19
4064,20ft,19
4065,40ft,25
4066,40ft,28
4067,40ft,29
4068,40ft,25
4069,40ft,20
4070,20ft,20
4071,40ft,29
4072,40ft,22
4073,40ft,26
4074,40ft,28
4075,40ft,25
4076,20ft,2
4077,20ft,19
4078,40ft,28
4079,40ft,27
4080,20ft,8
4081,40ft,21
4082,40ft,20
4083,40ft,21
4084,40ft,27
4085,40ft,26
4086,40ft,6
4087,40ft,20
4088,40ft,19
4089,20ft,26
4090,40ft,27
4091,20ft,22
4092,20ft,26
4093,40ft,14
4094,40ft,20
4095,40ft,21
4096,20ft,28
4097,40ft,26
4098,40ft,22
4099,40ft,20
4100,40ft,20
4101,20ft,2
4102,20ft,21
4103,40ft,22
4104,40ft,26
4105,40ft,19
4106,20ft,27
4107,40ft,14
4108,40ft,28
4109,20ft,25
4110,40ft,26
4111,40ft,25
4112,40ft,20
4113,40ft,21
4114,40ft,28
4115,40ft,27
4116,40ft,20
4117,40ft,25
4118,40ft,21
4119,40ft,22
4120,20ft,25
4121,40ft,20
4122,40ft,27
4123,40ft,29
4124,40ft,26
4125,20ft,19
4126,40ft,24
4127,40ft,21
4128,40ft,29
4129,40ft,29
4130,40ft,25
4131,20ft,22
4132,40ft,20
4133,40ft,26
4134,40ft,21
4135,40ft,22
4136,20ft,26
4137,20ft,28
4138,40ft,24
4139,40ft,27
4140,40ft,25
4141,20ft,19
4142,40ft,25
4143,20ft,19
4144,40ft,20
4145,20ft,19
4146,40ft,27
4147,40ft,18
4148,40ft,29
4149,20ft,24
4150,40ft,27
4151,40ft,20
4152,20ft,24
4153,20ft,25
4154,20ft,26
4155,40ft,21
4156,40ft,20
4157,40ft,22
4158,40ft,24
4159,40ft,25
4160,40ft,25
4161,40ft,19
4162,40ft,19
4163,40ft,19
4164,40ft,21
4165,40ft,9
4166,40ft,21
4167,40ft,21
4168,40ft,26
4169,40ft,25
4170,40ft,19
4171,40ft,22
4172,40ft,26
4173,20ft,3
4174,40ft,25
4175,40ft,8
4176,20ft,25
4177,40ft,27
4178,40ft,27
4179,40ft,19
4180,40ft,20
4181,40ft,25
4182,40ft,21
4183,40ft,27
4184,20ft,23
4185,40ft,26
4186,40ft,20
4187,40ft,19
4188,20ft,22
4189,40ft,25
4190,40ft,19
4191,40ft,19
4192,40ft,20
4193,40ft,21
4194,40ft,24
4195,20ft,21
4196,20ft,19
4197,40ft,19
4198,40ft,19
4199,40ft,19
4200,40ft,22
4201,40ft,25
4202,40ft,26
4203,20ft,24
4204,40ft,25
4205,40ft,26
4206,40ft,28
4207,40ft,22
4208,40ft,26
4209,20ft,25
4210,40ft,21
4211,20ft,26
4212,20ft,20
4213,40ft,27
4214,40ft,27
4215,40ft,27
4216,40ft,12
4217,40ft,22
4218,20ft,26
4219,40ft,22
4220,40ft,22
4221,20ft,21
4222,40ft,26
4223,20ft,20
4224,40ft,28
4225,40ft,19
4226,40ft,26
4227,40ft,29
4228,40ft,20
4229,20ft,25
4230,40ft,19
4231,40ft,20
4232,40ft,25
4233,40ft,22
4234,40ft,26
4235,40ft,20
4236,40ft,20
4237,40ft,22
4238,20ft,19
4239,40ft,21
4240,20ft,21
4241,20ft,27
4242,40ft,22
4243,40ft,29
4244,40ft,26
4245,40ft,21
4246,40ft,28
4247,40ft,21
4248,40ft,27
4249,40ft,6
4250,40ft,5
4251,40ft,21
4252,40ft,19
4253,40ft,20
4254,40ft,24
4255,40ft,26
4256,40ft,22
4257,40ft,24
4258,40ft,24
4259,40ft,27
4260,40ft,26
4261,40ft,29
4262,20ft,24
4263,40ft,25
4264,20ft,29
4265,20ft,24
4266,40ft,20
4267,40ft,24
4268,40ft,19
4269,40ft,20
4270,40ft,20
4271,40ft,28
4272,40ft,20
4273,40ft,26
4274,20ft,29
4275,20ft,29
4276,40ft,19
4277,40ft,21
4278,40ft,28
4279,20ft,22
4280,40ft,24
4281,40ft,26
4282,20ft,25
4283,20ft,21
4284,40ft,19
4285,40ft,6
4286,40ft,20
4287,40ft,28
4288,40ft,28
4289,40ft,20
4290,40ft,25
4291,40ft,13
4292,40ft,29
4293,20ft,19
4294,40ft,29
4295,20ft,22
4296,40ft,22
4297,40ft,25
4298,40ft,25
4299,40ft,29
4300,40ft,27
4301,40ft,22
4302,40ft,21
4303,40ft,26
4304,20ft,22
4305,40ft,21
4306,40ft,20
4307,40ft,29
4308,40ft,29
4309,40ft,22
4310,40ft,24
4311,20ft,21
4312,40ft,18
4313,40ft,20
4314,40ft,26
4315,20ft,26
4316,20ft,20
4317,40ft,20
4318,40ft,24
4319,40ft,21
4320,40ft,20
4321,40ft,20
4322,40ft,19
4323,40ft,20
4324,40ft,19
4325,20ft,26
4326,40ft,24
4327,40ft,21
4328,40ft,28
4329,40ft,19
4330,40ft,19
4331,40ft,28
4332,40ft,26
4333,40ft,22
4334,40ft,22
4335,20ft,28
4336,40ft,28
4337,40ft,23
4338,40ft,27
4339,40ft,25
4340,40ft,19
4341,40ft,24
4342,40ft,26
4343,40ft,26
4344,40ft,20
4345,20ft,24
4346,40ft,28
4347,40ft,24
4348,40ft,8
4349,40ft,18
4350,40ft,29
4351,40ft,21
4352,40ft,21
4353,20ft,22
4354,40ft,23
4355,40ft,22
4356,40ft,9
4357,40ft,19
4358,40ft,19
4359,40ft,18
4360,40ft,24
4361,20ft,21
4362,40ft,19
4363,40ft,29
4364,20ft,28
4365,40ft,24
4366,40ft,26
4367,20ft,20
4368,40ft,20
4369,40ft,19
4370,40ft,27
4371,40ft,26
4372,40ft,28
4373,40ft,28
4374,40ft,23
4375,40ft,20
4376,40ft,19
4377,40ft,5
4378,20ft,24
4379,40ft,28
4380,40ft,21
4381,40ft,22
4382,40ft,29
4383,40ft,21
4384,40ft,20
4385,40ft,21
4386,40ft,22
4387,40ft,24
4388,40ft,28
4389,40ft,29
4390,40ft,27
4391,20ft,27
4392,40ft,25
4393,40ft,19
4394,20ft,19
4395,40ft,26
4396,40ft,27
4397,20ft,22
4398,40ft,5
4399,20ft,25
4400,40ft,25
4401,40ft,22
4402,40ft,26
4403,40ft,19
4404,40ft,20
4405,40ft,19
4406,40ft,6
4407,40ft,23
4408,40ft,20
4409,40ft,29
4410,40ft,20
4411,40ft,29
4412,40ft,26
4413,40ft,20
4414,20ft,29
4415,40ft,22
4416,40ft,20
4417,20ft,24
4418,40ft,28
4419,40ft,21
4420,40ft,27
4421,20ft,27
4422,40ft,27
4423,40ft,26
4424,20ft,25
4425,40ft,21
4426,40ft,27
4427,40ft,22
4428,20ft,28
4429,20ft,26
4430,40ft,28
4431,40ft,27
4432,40ft,21
4433,40ft,27
4434,40ft,24
4435,40ft,6
4436,20ft,28
4437,20ft,19
4438,40ft,27
4439,20ft,24
4440,40ft,29
4441,40ft,20
4442,40ft,28
4443,40ft,25
4444,40ft,29
4445,40ft,19
4446,40ft,19
4447,40ft,28
4448,40ft,25
4449,40ft,19
4450,40ft,19
4451,40ft,25
4452,20ft,20
4453,20ft,25
4454,40ft,28
4455,40ft,21
4456,40ft,20
4457,40ft,28
4458,40ft,22
4459,40ft,27
4460,20ft,25
4461,40ft,24
4462,40ft,20
4463,40ft,21
4464,40ft,28
4465,40ft,24
4466,40ft,22
4467,40ft,21
4468,40ft,25
4469,40ft,25
4470,40ft,25
4471,40ft,27
4472,40ft,19
4473,20ft,26
4474,20ft,29
4475,20ft,27
4476,40ft,25
4477,40ft,20
4478,40ft,19
4479,40ft,29
4480,40ft,26
4481,20ft,27
4482,40ft,27
4483,20ft,20
4484,20ft,28
4485,40ft,21
4486,40ft,19
4487,20ft,23
4488,40ft,28
4489,20ft,21
4490,40ft,26
4491,40ft,26
4492,40ft,23
4493,40ft,21
4494,40ft,20
4495,40ft,21
4496,40ft,29
4497,40ft,21
4498,40ft,25
4499,40ft,26
4500,40ft,25
4501,40ft,27
4502,20ft,19
4503,40ft,21
4504,40ft,19
4505,20ft,25
4506,20ft,27
4507,40ft,21
4508,40ft,26
4509,40ft,22
4510,40ft,13
4511,40ft,25
4512,40ft,25
4513,40ft,28
4514,40ft,21
4515,40ft,24
4516,40ft,22
4517,40ft,22
4518,40ft,20
4519,40ft,21
4520,40ft,27
4521,20ft,25
4522,40ft,27
4523,40ft,21
4524,20ft,22
4525,40ft,12
4526,40ft,6
4527,40ft,21
4528,40ft,27
4529,40ft,27
4530,20ft,2
4531,40ft,19
4532,40ft,22
4533,40ft,20
4534,20ft,28
4535,40ft,20
4536,20ft,21
4537,40ft,27
4538,40ft,29
4539,40ft,29
4540,40ft,20
4541,40ft,20
4542,40ft,22
4543,40ft,22
4544,40ft,22
4545,40ft,25
4546,40ft,24
4547,20ft,28
4548,40ft,20
4549,40ft,19
4550,40ft,25
4551,40ft,29
4552,40ft,22
4553,40ft,28
4554,40ft,20
4555,40ft,19
4556,40ft,24
4557,40ft,29
4558,20ft,21
4559,40ft,19
4560,20ft,27
4561,40ft,19
4562,40ft,24
4563,40ft,23
4564,20ft,21
4565,40ft,20
4566,40ft,18
4567,40ft,20
4568,40ft,19
4569,20ft,19
4570,20ft,26
4571,40ft,21
4572,20ft,24
4573,20ft,19
4574,40ft,29
4575,40ft,29
4576,40ft,21
4577,40ft,25
4578,40ft,26
4579,40ft,29
4580,20ft,24
4581,40ft,6
4582,40ft,21
4583,20ft,22
4584,40ft,25
4585,40ft,5
4586,40ft,21
4587,40ft,21
4588,40ft,24
4589,40ft,27
4590,40ft,27
4591,20ft,25
4592,40ft,25
4593,20ft,2
4594,40ft,3
4595,40ft,29
4596,40ft,20
4597,40ft,20
4598,20ft,27
4599,40ft,19
4600,40ft,28
4601,40ft,28
4602,40ft,23
4603,20ft,22
4604,20ft,26
4605,40ft,22
4606,40ft,21
4607,20ft,20
4608,40ft,28
4609,40ft,19
4610,40ft,18
4611,40ft,27
4612,40ft,22
4613,40ft,26
4614,20ft,24
4615,40ft,19
4616,40ft,26
4617,40ft,13
4618,40ft,25
4619,40ft,21
4620,40ft,25
4621,40ft,29
4622,40ft,20
4623,20ft,19
4624,40ft,8
4625,40ft,9
4626,40ft,9
4627,40ft,6
4628,20ft,25
4629,40ft,3
4630,40ft,3
4631,40ft,3
4632,40ft,2
4633,40ft,8
4634,40ft,9
4635,40ft,14
4636,40ft,9
4637,40ft,6
4638,20ft,3
4639,20ft,3
4640,40ft,5
4641,40ft,6
4642,40ft,9
4643,20ft,3
4644,20ft,9
4645,40ft,20
4646,40ft,2
4647,20ft,22
4648,40ft,27
4649,40ft,5
4650,40ft,6
4651,40ft,6
4652,40ft,5
4653,40ft,14
4654,40ft,5
4655,40ft,12
4656,40ft,8
4657,40ft,20
4658,40ft,19
4659,40ft,9
4660,40ft,8
4661,40ft,6
4662,20ft,8
4663,40ft,14
4664,40ft,19
4665,40ft,9
4666,40ft,5
4667,40ft,15
4668,40ft,2
4669,40ft,9
4670,20ft,3
4671,40ft,22
4672,40ft,2
4673,40ft,6
4674,40ft,6
4675,40ft,9
4676,40ft,9
4677,40ft,13
4678,40ft,14
4679,40ft,5
4680,40ft,9
4681,40ft,8
4682,40ft,2
4683,40ft,9
4684,40ft,21
4685,40ft,2
4686,40ft,13
4687,40ft,6
4688,40ft,5
4689,40ft,5
4690,40ft,9
4691,40ft,2
4692,40ft,8
4693,40ft,9
4694,40ft,19
4695,40ft,5
4696,40ft,5
4697,40ft,9
4698,40ft,6
4699,40ft,5
4700,40ft,6
4701,40ft,6
4702,40ft,12
4703,40ft,8
4704,40ft,22
4705,40ft,8
4706,40ft,8
4707,40ft,3
4708,20ft,8
4709,20ft,2
4710,40ft,5
4711,40ft,5
4712,40ft,27
4713,40ft,5
4714,20ft,3
4715,40ft,6
4716,40ft,27
4717,40ft,3
4718,20ft,21
4719,40ft,9
4720,20ft,19
4721,40ft,5
4722,20ft,2
4723,40ft,6
4724,40ft,14
4725,20ft,28
4726,40ft,6
4727,40ft,8
4728,40ft,9
4729,40ft,20
4730,40ft,2
4731,20ft,13
4732,40ft,14
4733,20ft,2
4734,20ft,21
4735,40ft,5
4736,20ft,18
4737,40ft,3
4738,40ft,8
4739,40ft,3
4740,40ft,19
4741,40ft,15
4742,40ft,6
4743,40ft,8
4744,40ft,8
4745,40ft,2
4746,40ft,6
4747,40ft,8
4748,20ft,3
4749,20ft,14
4750,40ft,21
4751,20ft,29
4752,40ft,9
4753,40ft,5
4754,40ft,20
4755,40ft,5
4756,20ft,2
4757,40ft,5
4758,20ft,29
4759,20ft,22
4760,20ft,28
4761,40ft,8
4762,20ft,3
4763,40ft,2
4764,40ft,14
4765,40ft,8
4766,40ft,2
4767,40ft,20
4768,40ft,9
4769,40ft,6
4770,40ft,3
4771,40ft,6
4772,40ft,8
4773,40ft,8
4774,40ft,8
4775,40ft,5
4776,40ft,8
4777,40ft,9
4778,40ft,9
4779,40ft,5
4780,40ft,27
4781,40ft,5
4782,40ft,6
4783,40ft,5
4784,20ft,2
4785,20ft,3
4786,20ft,25
4787,40ft,2
4788,40ft,5
4789,40ft,9
4790,40ft,12
4791,40ft,3
4792,40ft,5
4793,40ft,9
4794,40ft,15
4795,40ft,8
4796,40ft,22
4797,20ft,13
4798,40ft,5
4799,40ft,9
4800,40ft,8
4801,40ft,2
4802,40ft,6
4803,40ft,5
4804,20ft,20
4805,40ft,9
4806,20ft,2
4807,40ft,9
4808,40ft,14
4809,40ft,13
4810,40ft,5
4811,40ft,8
4812,40ft,2
4813,40ft,8
4814,40ft,21
4815,40ft,9
4816,40ft,20
4817,40ft,9
4818,40ft,8
4819,40ft,5
4820,20ft,27
4821,40ft,9
4822,40ft,19
4823,40ft,9
4824,40ft,20
4825,40ft,9
4826,40ft,9
4827,40ft,20
4828,20ft,3
4829,20ft,20
4830,40ft,14
4831,40ft,2
4832,40ft,14
4833,20ft,22
4834,40ft,8
4835,20ft,9
4836,20ft,26
4837,40ft,21
4838,40ft,21
4839,40ft,22
4840,20ft,27
4841,40ft,9
4842,20ft,25
4843,40ft,13
4844,40ft,8
4845,40ft,13
4846,40ft,8
4847,40ft,20
4848,40ft,9
4849,20ft,14
4850,40ft,9
4851,40ft,6
4852,40ft,14
4853,40ft,8
4854,20ft,9
4855,20ft,3
4856,40ft,9
4857,40ft,6
4858,40ft,9
4859,40ft,19
4860,40ft,19
4861,40ft,8
4862,20ft,26
4863,40ft,8
4864,40ft,19
4865,40ft,2
4866,40ft,2
4867,40ft,8
4868,40ft,9
4869,20ft,3
4870,40ft,8
4871,40ft,5
4872,20ft,22
4873,40ft,3
4874,20ft,22
4875,40ft,14
4876,40ft,5
4877,40ft,14
4878,20ft,9
4879,40ft,6
4880,20ft,8
4881,20ft,8
4882,40ft,5
4883,20ft,14
4884,20ft,19
4885,40ft,14
4886,40ft,6
4887,40ft,3
4888,40ft,15
4889,20ft,28
4890,40ft,9
4891,40ft,14
4892,40ft,8
4893,20ft,29
4894,20ft,3
4895,40ft,20
4896,40ft,8
4897,40ft,8
4898,40ft,13
4899,40ft,8
4900,40ft,8
4901,40ft,13
4902,40ft,13
4903,40ft,6
4904,20ft,13
4905,40ft,12
4906,40ft,8
4907,20ft,28
4908,20ft,13
4909,20ft,29
4910,40ft,14
4911,40ft,22
4912,40ft,6
4913,40ft,18
4914,40ft,8
4915,20ft,21
4916,40ft,14
4917,40ft,6
4918,40ft,13
4919,40ft,6
4920,20ft,28
4921,40ft,22
4922,40ft,9
4923,40ft,14
4924,40ft,8
4925,40ft,13
4926,40ft,13
4927,40ft,14
4928,40ft,6
4929,20ft,27
4930,40ft,6
4931,40ft,14
4932,40ft,9
4933,20ft,26
4934,40ft,8
4935,40ft,8
4936,40ft,6
4937,40ft,14
4938,40ft,12
4939,40ft,19
4940,20ft,19
4941,20ft,29
4942,40ft,19
4943,20ft,2
4944,40ft,26
4945,20ft,29
4946,40ft,22
4947,40ft,21
4948,20ft,2
4949,40ft,13
4950,40ft,6
4951,40ft,6
4952,40ft,22
4953,40ft,13
4954,20ft,26
4955,40ft,6
4956,20ft,27
4957,40ft,24
4958,40ft,13
4959,40ft,24
4960,40ft,5
4961,40ft,19
4962,40ft,13
4963,20ft,20
4964,40ft,15
4965,40ft,6
4966,40ft,14
4967,20ft,24
4968,40ft,14
4969,20ft,27
4970,40ft,2
4971,40ft,8
4972,40ft,6
4973,40ft,6
4974,40ft,6
4975,40ft,8
4976,40ft,12
4977,40ft,26
4978,40ft,21
4979,40ft,13
4980,20ft,24
4981,40ft,8
4982,20ft,2
4983,40ft,5
4984,40ft,12
4985,40ft,21
4986,40ft,13
4987,40ft,5
4988,40ft,5
4989,40ft,14
4990,40ft,6
4991,40ft,5
4992,40ft,9
4993,40ft,8
4994,40ft,8
4995,40ft,8
4996,20ft,2
4997,40ft,6
4998,40ft,5
4999,40ft,8
5000,40ft,9
5001,40ft,9
5002,40ft,9
5003,40ft,15
5004,40ft,13
5005,40ft,8
5006,40ft,8
5007,20ft,3
5008,40ft,5
5009,40ft,5
5010,40ft,6
5011,40ft,9
5012,40ft,23
5013,40ft,9
5014,40ft,6
5015,40ft,5
5016,40ft,14
5017,40ft,9
5018,40ft,6
5019,40ft,13
5020,40ft,12
5021,40ft,5
5022,40ft,3
5023,40ft,2
5024,40ft,9
5025,40ft,8
5026,40ft,5
5027,40ft,6
5028,40ft,9
5029,40ft,3
5030,40ft,15
5031,40ft,6
5032,40ft,5
5033,40ft,8
5034,40ft,9
5035,40ft,9
5036,40ft,13
5037,40ft,2
5038,40ft,3
5039,40ft,13
5040,40ft,9
5041,40ft,5
5042,40ft,3
5043,40ft,5
5044,40ft,9
5045,40ft,8
5046,40ft,9
5047,40ft,22
5048,20ft,2
5049,40ft,9
5050,40ft,6
5051,40ft,20
5052,40ft,6
5053,40ft,9
5054,40ft,8
5055,40ft,9
5056,40ft,21
5057,40ft,5
5058,40ft,5
5059,40ft,2
5060,40ft,5
5061,40ft,6
5062,40ft,6
5063,40ft,14
5064,40ft,9
5065,40ft,5
5066,40ft,5
5067,40ft,6
5068,40ft,9
5069,40ft,2
5070,40ft,9
5071,40ft,15
5072,40ft,14
5073,40ft,5
5074,40ft,13
5075,40ft,9
5076,40ft,13
5077,40ft,5
5078,40ft,8
5079,40ft,9
5080,40ft,6
5081,40ft,5
5082,40ft,9
5083,40ft,8
5084,40ft,2
5085,20ft,2
5086,20ft,2
5087,40ft,13
5088,40ft,8
5089,40ft,5
5090,40ft,5
5091,40ft,9
5092,40ft,3
5093,40ft,6
5094,40ft,14
5095,40ft,9
5096,40ft,6
5097,40ft,5
5098,40ft,8
5099,40ft,2
5100,40ft,6
5101,40ft,6
5102,40ft,13
5103,40ft,8
5104,40ft,6
5105,40ft,9
5106,40ft,9
5107,20ft,3
5108,40ft,6
5109,40ft,6
5110,40ft,21
5111,20ft,2
5112,40ft,13
5113,40ft,22
5114,40ft,9
5115,40ft,5
5116,40ft,6
5117,40ft,19
5118,40ft,8
5119,40ft,12
5120,40ft,14
5121,40ft,20
5122,40ft,5
5123,40ft,9
5124,40ft,9
5125,40ft,8
5126,40ft,13
5127,40ft,13
5128,40ft,13
5129,40ft,8
5130,40ft,8
5131,40ft,3
5132,40ft,8
5133,40ft,8
5134,40ft,3
5135,40ft,5
5136,40ft,8
5137,40ft,6
5138,40ft,8
5139,40ft,8
5140,20ft,2
5141,40ft,8
5142,40ft,22
5143,40ft,8
5144,20ft,3
5145,40ft,3
5146,40ft,12
5147,40ft,5
5148,40ft,15
5149,40ft,5
5150,40ft,14
5151,40ft,3
5152,40ft,8
5153,40ft,9
5154,40ft,13
5155,40ft,6
5156,40ft,6
5157,40ft,15
5158,40ft,6
5159,40ft,6
5160,40ft,9
5161,40ft,13
5162,20ft,3
5163,40ft,14
5164,40ft,6
5165,40ft,9
5166,40ft,8
5167,40ft,13
5168,40ft,8
5169,40ft,9
5170,40ft,6
5171,40ft,8
5172,40ft,5
5173,20ft,3
5174,40ft,3
5175,40ft,8
5176,40ft,8
5177,40ft,13
5178,40ft,9
5179,40ft,5
5180,40ft,8
5181,40ft,9
5182,40ft,8
5183,40ft,14
5184,20ft,3
5185,40ft,9
5186,40ft,6
5187,40ft,8
5188,40ft,5
5189,40ft,5
5190,40ft,9
5191,40ft,13
5192,20ft,2
5193,20ft,8
5194,20ft,2
5195,40ft,20
5196,40ft,9
5197,40ft,9
5198,40ft,13
5199,40ft,5
5200,40ft,8
5201,40ft,5
5202,40ft,9
5203,40ft,8
5204,40ft,13
5205,40ft,5
5206,40ft,15
5207,40ft,8
5208,40ft,5
5209,40ft,5
5210,40ft,6
5211,40ft,9
5212,40ft,9
5213,40ft,9
5214,40ft,20
5215,40ft,5
5216,40ft,5
5217,20ft,3
5218,40ft,8
5219,40ft,8
5220,40ft,9
5221,40ft,6
5222,40ft,5
5223,40ft,14
5224,40ft,15
5225,40ft,13
5226,40ft,14
5227,40ft,12
5228,40ft,8
5229,40ft,8
5230,20ft,2
5231,40ft,8
5232,40ft,8
5233,40ft,14
5234,40ft,20
5235,40ft,13
5236,40ft,14
5237,40ft,5
5238,40ft,6
5239,40ft,8
5240,40ft,14
5241,40ft,9
5242,40ft,5
5243,40ft,9
5244,40ft,6
5245,40ft,8
5246,40ft,8
5247,40ft,5
5248,40ft,14
5249,40ft,6
5250,20ft,2
5251,40ft,8
5252,40ft,5
5253,40ft,14
5254,20ft,2
5255,40ft,14
5256,40ft,9
5257,40ft,8
5258,40ft,6
5259,40ft,12
5260,40ft,2
5261,40ft,6
5262,40ft,6
5263,40ft,6
5264,20ft,2
5265,40ft,19
5266,40ft,6
5267,40ft,9
5268,40ft,9
5269,40ft,20
5270,40ft,5
5271,40ft,13
5272,40ft,19
5273,40ft,9
5274,40ft,6
5275,40ft,13
5276,40ft,14
5277,40ft,13
5278,20ft,2
5279,40ft,5
5280,40ft,8
5281,40ft,6
5282,20ft,3
5283,20ft,2
5284,40ft,9
5285,40ft,6
5286,40ft,9
5287,40ft,9
5288,40ft,27
5289,40ft,9
5290,40ft,6
5291,40ft,2
5292,40ft,14
5293,40ft,6
5294,40ft,6
5295,40ft,8
5296,40ft,8
5297,20ft,3
5298,40ft,6
5299,40ft,5
5300,20ft,9
5301,40ft,5
5302,40ft,8
5303,40ft,6
5304,40ft,13
5305,40ft,5
5306,40ft,9
5307,40ft,6
5308,40ft,8
5309,40ft,6
5310,40ft,3
5311,20ft,2
5312,40ft,14
5313,40ft,8
5314,40ft,9
5315,40ft,14
5316,40ft,8
5317,40ft,5
5318,40ft,8
5319,40ft,8
5320,40ft,15
5321,20ft,2
5322,40ft,9
5323,40ft,9
5324,40ft,13
5325,40ft,2
5326,40ft,13
5327,40ft,6
5328,40ft,6
5329,20ft,2
5330,40ft,6
5331,40ft,6
5332,40ft,22
5333,40ft,9
5334,40ft,8
5335,40ft,8
5336,40ft,15
5337,40ft,6
5338,40ft,14
5339,40ft,2
5340,40ft,14
5341,40ft,2
5342,40ft,9
5343,40ft,9
5344,40ft,13
5345,40ft,5
5346,40ft,15
5347,40ft,8
5348,40ft,3
5349,40ft,5
5350,40ft,5
5351,40ft,21
5352,40ft,13
5353,40ft,8
5354,40ft,6
5355,40ft,14
5356,40ft,5
5357,40ft,6
5358,40ft,8
5359,40ft,5
5360,40ft,9
5361,20ft,3
5362,40ft,8
5363,40ft,3
5364,40ft,14
5365,40ft,21
5366,40ft,6
5367,40ft,9
5368,40ft,14
5369,40ft,8
5370,40ft,6
5371,40ft,6
5372,40ft,9
5373,40ft,13
5374,40ft,8
5375,40ft,6
5376,40ft,14
5377,40ft,5
5378,40ft,5
5379,40ft,6
5380,40ft,9
5381,40ft,5
5382,40ft,9
5383,40ft,14
5384,20ft,2
5385,20ft,2
5386,40ft,22
5387,40ft,6
5388,40ft,8
5389,40ft,13
5390,40ft,26
5391,40ft,28
5392,40ft,27
5393,40ft,24
5394,40ft,27
5395,40ft,9
5396,40ft,28
5397,40ft,24
5398,40ft,24
5399,20ft,20
5400,20ft,26
5401,20ft,22
5402,20ft,22
5403,40ft,6
5404,40ft,14
5405,40ft,14
5406,20ft,19
5407,20ft,27
5408,20ft,24
5409,20ft,22
5410,20ft,22
5411,20ft,20
5412,40ft,3
5413,40ft,3
5414,40ft,2
5415,40ft,22
5416,40ft,22
5417,20ft,27
5418,20ft,26
5419,40ft,14
5420,40ft,3
5421,40ft,22
5422,40ft,21
5423,40ft,22
5424,40ft,27
5425,40ft,25
5426,20ft,24
5427,20ft,3
5428,40ft,2
5429,40ft,2
5430,40ft,9
5431,40ft,13
5432,40ft,13
5433,40ft,14
5434,40ft,22
5435,40ft,21
5436,40ft,28
5437,40ft,27
5438,40ft,28
5439,20ft,19
5440,20ft,22
5441,40ft,13
5442,40ft,19
5443,40ft,21
5444,40ft,20
5445,40ft,19
5446,40ft,21
5447,20ft,23
5448,20ft,20
5449,40ft,19
5450,40ft,9
5451,40ft,9
5452,40ft,12
5453,40ft,14
5454,40ft,8
5455,40ft,14
5456,40ft,20
5457,40ft,21
5458,40ft,22
5459,40ft,22
5460,20ft,26
5461,20ft,8
5462,40ft,14
5463,40ft,19
5464,40ft,22
5465,40ft,19
5466,40ft,29
5467,40ft,29
5468,40ft,26
5469,40ft,3
5470,40ft,19
5471,40ft,26
5472,40ft,25
5473,40ft,3
5474,40ft,3
5475,40ft,6
5476,40ft,8
5477,40ft,14
5478,40ft,13
5479,20ft,22
5480,20ft,21
5481,20ft,2
5482,20ft,20
5483,40ft,6
5484,40ft,5
5485,40ft,6
5486,40ft,9
5487,40ft,13
5488,40ft,13
5489,40ft,27
5490,40ft,26
5491,40ft,3
5492,40ft,3
5493,40ft,19
5494,40ft,19
5495,40ft,20
5496,40ft,19
5497,40ft,20
5498,40ft,20
5499,40ft,26
5500,40ft,28
5501,40ft,3
5502,40ft,5
5503,40ft,26
5504,40ft,27
5505,40ft,25
5506,40ft,26
5507,40ft,29
5508,40ft,25
5509,40ft,3
5510,40ft,22
5511,40ft,20
5512,40ft,19
5513,40ft,21
5514,20ft,19
5515,20ft,13
5516,40ft,8
5517,40ft,25
5518,40ft,13
5519,40ft,12
5520,40ft,27
5521,40ft,27
5522,40ft,25
5523,40ft,29
5524,40ft,28
5525,40ft,5
5526,40ft,19
5527,40ft,14
5528,40ft,19
5529,40ft,21
5530,40ft,20
5531,40ft,27
5532,40ft,28
5533,40ft,28
5534,20ft,22
5535,20ft,21
5536,40ft,22
5537,40ft,28
5538,40ft,28
5539,40ft,25
5540,40ft,24
5541,40ft,28
5542,40ft,6
5543,40ft,15
5544,40ft,20
5545,40ft,19
5546,40ft,21
5547,40ft,29
5548,20ft,21
5549,20ft,23
5550,20ft,20
5551,20ft,22
5552,40ft,25
5553,40ft,28
5554,40ft,5
5555,40ft,8
5556,20ft,21
5557,20ft,3
5558,40ft,3
5559,40ft,14
5560,40ft,21
5561,40ft,9
5562,40ft,8
5563,40ft,14
5564,40ft,22
5565,40ft,6
5566,40ft,5
5567,40ft,14
5568,40ft,22
5569,40ft,20
5570,40ft,22
5571,40ft,25
5572,40ft,28
5573,40ft,29
5574,40ft,22
5575,40ft,23
5576,40ft,9
5577,40ft,2
5578,40ft,3
5579,40ft,3
5580,40ft,2
5581,40ft,23
5582,40ft,21
5583,20ft,3
5584,20ft,25
5585,20ft,24
5586,40ft,20
5587,40ft,3
5588,40ft,8
5589,40ft,9
5590,40ft,2
5591,40ft,19
5592,40ft,21
5593,40ft,2
5594,40ft,21
